Copyright 1986-2022 Xilinx, Inc. All Rights Reserved. Copyright 2022-2025 Advanced Micro Devices, Inc. All Rights Reserved.
---------------------------------------------------------------------------------------------------------------------------------------------------------------------------------------------------------------------------------------
| Tool Version : Vivado v.2025.2 (win64) Build 6299465 Fri Nov 14 19:35:11 GMT 2025
| Date         : Tue Apr 21 10:05:57 2026
| Host         : DESKTOP-TQ78LV1 running 64-bit major release  (build 9200)
| Command      : report_timing_summary -max_paths 10 -routable_nets -report_unconstrained -file top_level_timing_summary_routed.rpt -pb top_level_timing_summary_routed.pb -rpx top_level_timing_summary_routed.rpx -warn_on_violation
| Design       : top_level
| Device       : 7a100t-csg324
| Speed File   : -1  PRODUCTION 1.23 2018-06-13
| Design State : Routed
---------------------------------------------------------------------------------------------------------------------------------------------------------------------------------------------------------------------------------------

Timing Summary Report

------------------------------------------------------------------------------------------------
| Timer Settings
| --------------
------------------------------------------------------------------------------------------------

  Enable Multi Corner Analysis               :  Yes
  Enable Pessimism Removal                   :  Yes
  Pessimism Removal Resolution               :  Nearest Common Node
  Enable Input Delay Default Clock           :  No
  Enable Preset / Clear Arcs                 :  No
  Disable Flight Delays                      :  No
  Ignore I/O Paths                           :  No
  Timing Early Launch at Borrowing Latches   :  No
  Borrow Time for Max Delay Exceptions       :  Yes
  Merge Timing Exceptions                    :  Yes
  Inter-SLR Compensation                     :  Conservative

  Corner  Analyze    Analyze    
  Name    Max Paths  Min Paths  
  ------  ---------  ---------  
  Slow    Yes        Yes        
  Fast    Yes        Yes        


------------------------------------------------------------------------------------------------
| Report Methodology
| ------------------
------------------------------------------------------------------------------------------------

Rule       Severity          Description                    Violations  
---------  ----------------  -----------------------------  ----------  
TIMING-17  Critical Warning  Non-clocked sequential cell    2           
TIMING-18  Warning           Missing input or output delay  18          

Note: This report is based on the most recent report_methodology run and may not be up-to-date. Run report_methodology on the current design for the latest report.



check_timing report

Table of Contents
-----------------
1. checking no_clock (2)
2. checking constant_clock (0)
3. checking pulse_width_clock (0)
4. checking unconstrained_internal_endpoints (4)
5. checking no_input_delay (5)
6. checking no_output_delay (17)
7. checking multiple_clock (0)
8. checking generated_clocks (0)
9. checking loops (0)
10. checking partial_input_delay (0)
11. checking partial_output_delay (0)
12. checking latch_loops (0)

1. checking no_clock (2)
------------------------
 There are 2 register/latch pins with no clock driven by root clock pin: u_clk_div/clk_1khz_reg/Q (HIGH)


2. checking constant_clock (0)
------------------------------
 There are 0 register/latch pins with constant_clock.


3. checking pulse_width_clock (0)
---------------------------------
 There are 0 register/latch pins which need pulse_width check


4. checking unconstrained_internal_endpoints (4)
------------------------------------------------
 There are 4 pins that are not constrained for maximum delay. (HIGH)

 There are 0 pins that are not constrained for maximum delay due to constant clock.


5. checking no_input_delay (5)
------------------------------
 There are 5 input ports with no input delay specified. (HIGH)

 There are 0 input ports with no input delay but user has a false path constraint.


6. checking no_output_delay (17)
--------------------------------
 There are 17 ports with no output delay specified. (HIGH)

 There are 0 ports with no output delay but user has a false path constraint

 There are 0 ports with no output delay but with a timing clock defined on it or propagating through it


7. checking multiple_clock (0)
------------------------------
 There are 0 register/latch pins with multiple clocks.


8. checking generated_clocks (0)
--------------------------------
 There are 0 generated clocks that are not connected to a clock source.


9. checking loops (0)
---------------------
 There are 0 combinational loops in the design.


10. checking partial_input_delay (0)
------------------------------------
 There are 0 input ports with partial input delay specified.


11. checking partial_output_delay (0)
-------------------------------------
 There are 0 ports with partial output delay specified.


12. checking latch_loops (0)
----------------------------
 There are 0 combinational latch loops in the design through latch input



------------------------------------------------------------------------------------------------
| Design Timing Summary
| ---------------------
------------------------------------------------------------------------------------------------

    WNS(ns)      TNS(ns)  TNS Failing Endpoints  TNS Total Endpoints      WHS(ns)      THS(ns)  THS Failing Endpoints  THS Total Endpoints     WPWS(ns)     TPWS(ns)  TPWS Failing Endpoints  TPWS Total Endpoints  
    -------      -------  ---------------------  -------------------      -------      -------  ---------------------  -------------------     --------     --------  ----------------------  --------------------  
      6.076        0.000                      0                   47        0.249        0.000                      0                   47        4.500        0.000                       0                    48  


All user specified timing constraints are met.


------------------------------------------------------------------------------------------------
| Clock Summary
| -------------
------------------------------------------------------------------------------------------------

Clock        Waveform(ns)       Period(ns)      Frequency(MHz)
-----        ------------       ----------      --------------
sys_clk_pin  {0.000 5.000}      10.000          100.000         


------------------------------------------------------------------------------------------------
| Intra Clock Table
| -----------------
------------------------------------------------------------------------------------------------

Clock             WNS(ns)      TNS(ns)  TNS Failing Endpoints  TNS Total Endpoints      WHS(ns)      THS(ns)  THS Failing Endpoints  THS Total Endpoints     WPWS(ns)     TPWS(ns)  TPWS Failing Endpoints  TPWS Total Endpoints  
-----             -------      -------  ---------------------  -------------------      -------      -------  ---------------------  -------------------     --------     --------  ----------------------  --------------------  
sys_clk_pin         6.076        0.000                      0                   47        0.249        0.000                      0                   47        4.500        0.000                       0                    48  


------------------------------------------------------------------------------------------------
| Inter Clock Table
| -----------------
------------------------------------------------------------------------------------------------

From Clock    To Clock          WNS(ns)      TNS(ns)  TNS Failing Endpoints  TNS Total Endpoints      WHS(ns)      THS(ns)  THS Failing Endpoints  THS Total Endpoints  
----------    --------          -------      -------  ---------------------  -------------------      -------      -------  ---------------------  -------------------  


------------------------------------------------------------------------------------------------
| Other Path Groups Table
| -----------------------
------------------------------------------------------------------------------------------------

Path Group    From Clock    To Clock          WNS(ns)      TNS(ns)  TNS Failing Endpoints  TNS Total Endpoints      WHS(ns)      THS(ns)  THS Failing Endpoints  THS Total Endpoints  
----------    ----------    --------          -------      -------  ---------------------  -------------------      -------      -------  ---------------------  -------------------  


------------------------------------------------------------------------------------------------
| User Ignored Path Table
| -----------------------
------------------------------------------------------------------------------------------------

Path Group    From Clock    To Clock    
----------    ----------    --------    


------------------------------------------------------------------------------------------------
| Unconstrained Path Table
| ------------------------
------------------------------------------------------------------------------------------------

Path Group    From Clock    To Clock    
----------    ----------    --------    
(none)                                    
(none)        sys_clk_pin                 
(none)                      sys_clk_pin   


------------------------------------------------------------------------------------------------
| Timing Details
| --------------
------------------------------------------------------------------------------------------------


---------------------------------------------------------------------------------------------------
From Clock:  sys_clk_pin
  To Clock:  sys_clk_pin

Setup :            0  Failing Endpoints,  Worst Slack        6.076ns,  Total Violation        0.000ns
Hold  :            0  Failing Endpoints,  Worst Slack        0.249ns,  Total Violation        0.000ns
PW    :            0  Failing Endpoints,  Worst Slack        4.500ns,  Total Violation        0.000ns
---------------------------------------------------------------------------------------------------


Max Delay Paths
--------------------------------------------------------------------------------------
Slack (MET) :             6.076ns  (required time - arrival time)
  Source:                 u_clk_div/cnt_1hz_reg[1]/C
                            (rising edge-triggered cell FDCE clocked by sys_clk_pin  {rise@0.000ns fall@5.000ns period=10.000ns})
  Destination:            u_clk_div/cnt_1hz_reg[22]/D
                            (rising edge-triggered cell FDCE clocked by sys_clk_pin  {rise@0.000ns fall@5.000ns period=10.000ns})
  Path Group:             sys_clk_pin
  Path Type:              Setup (Max at Slow Process Corner)
  Requirement:            10.000ns  (sys_clk_pin rise@10.000ns - sys_clk_pin rise@0.000ns)
  Data Path Delay:        3.896ns  (logic 2.343ns (60.138%)  route 1.553ns (39.862%))
  Logic Levels:           7  (CARRY4=6 LUT2=1)
  Clock Path Skew:        -0.022ns (DCD - SCD + CPR)
    Destination Clock Delay (DCD):    5.024ns = ( 15.024 - 10.000 ) 
    Source Clock Delay      (SCD):    5.322ns
    Clock Pessimism Removal (CPR):    0.276ns
  Clock Uncertainty:      0.035ns  ((TSJ^2 + TIJ^2)^1/2 + DJ) / 2 + PE
    Total System Jitter     (TSJ):    0.071ns
    Total Input Jitter      (TIJ):    0.000ns
    Discrete Jitter          (DJ):    0.000ns
    Phase Error              (PE):    0.000ns

    Location             Delay type                Incr(ns)  Path(ns)    Netlist Resource(s)
  -------------------------------------------------------------------    -------------------
                         (clock sys_clk_pin rise edge)
                                                      0.000     0.000 r  
    E3                                                0.000     0.000 r  clk (IN)
                         net (fo=0)                   0.000     0.000    clk
    E3                   IBUF (Prop_ibuf_I_O)         1.482     1.482 r  clk_IBUF_inst/O
                         net (fo=1, routed)           2.025     3.506    clk_IBUF
    BUFGCTRL_X0Y16       BUFG (Prop_bufg_I_O)         0.096     3.602 r  clk_IBUF_BUFG_inst/O
                         net (fo=47, routed)          1.719     5.322    u_clk_div/clk_1hz_reg_0
    SLICE_X4Y85          FDCE                                         r  u_clk_div/cnt_1hz_reg[1]/C
  -------------------------------------------------------------------    -------------------
    SLICE_X4Y85          FDCE (Prop_fdce_C_Q)         0.419     5.741 r  u_clk_div/cnt_1hz_reg[1]/Q
                         net (fo=2, routed)           0.704     6.445    u_clk_div/cnt_1hz[1]
    SLICE_X5Y85          CARRY4 (Prop_carry4_S[0]_CO[3])
                                                      0.831     7.276 r  u_clk_div/cnt_1hz0_carry/CO[3]
                         net (fo=1, routed)           0.000     7.276    u_clk_div/cnt_1hz0_carry_n_0
    SLICE_X5Y86          CARRY4 (Prop_carry4_CI_CO[3])
                                                      0.114     7.390 r  u_clk_div/cnt_1hz0_carry__0/CO[3]
                         net (fo=1, routed)           0.000     7.390    u_clk_div/cnt_1hz0_carry__0_n_0
    SLICE_X5Y87          CARRY4 (Prop_carry4_CI_CO[3])
                                                      0.114     7.504 r  u_clk_div/cnt_1hz0_carry__1/CO[3]
                         net (fo=1, routed)           0.000     7.504    u_clk_div/cnt_1hz0_carry__1_n_0
    SLICE_X5Y88          CARRY4 (Prop_carry4_CI_CO[3])
                                                      0.114     7.618 r  u_clk_div/cnt_1hz0_carry__2/CO[3]
                         net (fo=1, routed)           0.000     7.618    u_clk_div/cnt_1hz0_carry__2_n_0
    SLICE_X5Y89          CARRY4 (Prop_carry4_CI_CO[3])
                                                      0.114     7.732 r  u_clk_div/cnt_1hz0_carry__3/CO[3]
                         net (fo=1, routed)           0.000     7.732    u_clk_div/cnt_1hz0_carry__3_n_0
    SLICE_X5Y90          CARRY4 (Prop_carry4_CI_O[1])
                                                      0.334     8.066 r  u_clk_div/cnt_1hz0_carry__4/O[1]
                         net (fo=1, routed)           0.849     8.915    u_clk_div/data0[22]
    SLICE_X4Y90          LUT2 (Prop_lut2_I1_O)        0.303     9.218 r  u_clk_div/cnt_1hz[22]_i_1/O
                         net (fo=1, routed)           0.000     9.218    u_clk_div/cnt_1hz_1[22]
    SLICE_X4Y90          FDCE                                         r  u_clk_div/cnt_1hz_reg[22]/D
  -------------------------------------------------------------------    -------------------

                         (clock sys_clk_pin rise edge)
                                                     10.000    10.000 r  
    E3                                                0.000    10.000 r  clk (IN)
                         net (fo=0)                   0.000    10.000    clk
    E3                   IBUF (Prop_ibuf_I_O)         1.411    11.411 r  clk_IBUF_inst/O
                         net (fo=1, routed)           1.920    13.331    clk_IBUF
    BUFGCTRL_X0Y16       BUFG (Prop_bufg_I_O)         0.091    13.422 r  clk_IBUF_BUFG_inst/O
                         net (fo=47, routed)          1.601    15.024    u_clk_div/clk_1hz_reg_0
    SLICE_X4Y90          FDCE                                         r  u_clk_div/cnt_1hz_reg[22]/C
                         clock pessimism              0.276    15.300    
                         clock uncertainty           -0.035    15.264    
    SLICE_X4Y90          FDCE (Setup_fdce_C_D)        0.029    15.293    u_clk_div/cnt_1hz_reg[22]
  -------------------------------------------------------------------
                         required time                         15.293    
                         arrival time                          -9.218    
  -------------------------------------------------------------------
                         slack                                  6.076    

Slack (MET) :             6.116ns  (required time - arrival time)
  Source:                 u_clk_div/cnt_1hz_reg[1]/C
                            (rising edge-triggered cell FDCE clocked by sys_clk_pin  {rise@0.000ns fall@5.000ns period=10.000ns})
  Destination:            u_clk_div/cnt_1hz_reg[25]/D
                            (rising edge-triggered cell FDCE clocked by sys_clk_pin  {rise@0.000ns fall@5.000ns period=10.000ns})
  Path Group:             sys_clk_pin
  Path Type:              Setup (Max at Slow Process Corner)
  Requirement:            10.000ns  (sys_clk_pin rise@10.000ns - sys_clk_pin rise@0.000ns)
  Data Path Delay:        3.901ns  (logic 2.369ns (60.724%)  route 1.532ns (39.276%))
  Logic Levels:           8  (CARRY4=7 LUT2=1)
  Clock Path Skew:        -0.022ns (DCD - SCD + CPR)
    Destination Clock Delay (DCD):    5.024ns = ( 15.024 - 10.000 ) 
    Source Clock Delay      (SCD):    5.322ns
    Clock Pessimism Removal (CPR):    0.276ns
  Clock Uncertainty:      0.035ns  ((TSJ^2 + TIJ^2)^1/2 + DJ) / 2 + PE
    Total System Jitter     (TSJ):    0.071ns
    Total Input Jitter      (TIJ):    0.000ns
    Discrete Jitter          (DJ):    0.000ns
    Phase Error              (PE):    0.000ns

    Location             Delay type                Incr(ns)  Path(ns)    Netlist Resource(s)
  -------------------------------------------------------------------    -------------------
                         (clock sys_clk_pin rise edge)
                                                      0.000     0.000 r  
    E3                                                0.000     0.000 r  clk (IN)
                         net (fo=0)                   0.000     0.000    clk
    E3                   IBUF (Prop_ibuf_I_O)         1.482     1.482 r  clk_IBUF_inst/O
                         net (fo=1, routed)           2.025     3.506    clk_IBUF
    BUFGCTRL_X0Y16       BUFG (Prop_bufg_I_O)         0.096     3.602 r  clk_IBUF_BUFG_inst/O
                         net (fo=47, routed)          1.719     5.322    u_clk_div/clk_1hz_reg_0
    SLICE_X4Y85          FDCE                                         r  u_clk_div/cnt_1hz_reg[1]/C
  -------------------------------------------------------------------    -------------------
    SLICE_X4Y85          FDCE (Prop_fdce_C_Q)         0.419     5.741 r  u_clk_div/cnt_1hz_reg[1]/Q
                         net (fo=2, routed)           0.704     6.445    u_clk_div/cnt_1hz[1]
    SLICE_X5Y85          CARRY4 (Prop_carry4_S[0]_CO[3])
                                                      0.831     7.276 r  u_clk_div/cnt_1hz0_carry/CO[3]
                         net (fo=1, routed)           0.000     7.276    u_clk_div/cnt_1hz0_carry_n_0
    SLICE_X5Y86          CARRY4 (Prop_carry4_CI_CO[3])
                                                      0.114     7.390 r  u_clk_div/cnt_1hz0_carry__0/CO[3]
                         net (fo=1, routed)           0.000     7.390    u_clk_div/cnt_1hz0_carry__0_n_0
    SLICE_X5Y87          CARRY4 (Prop_carry4_CI_CO[3])
                                                      0.114     7.504 r  u_clk_div/cnt_1hz0_carry__1/CO[3]
                         net (fo=1, routed)           0.000     7.504    u_clk_div/cnt_1hz0_carry__1_n_0
    SLICE_X5Y88          CARRY4 (Prop_carry4_CI_CO[3])
                                                      0.114     7.618 r  u_clk_div/cnt_1hz0_carry__2/CO[3]
                         net (fo=1, routed)           0.000     7.618    u_clk_div/cnt_1hz0_carry__2_n_0
    SLICE_X5Y89          CARRY4 (Prop_carry4_CI_CO[3])
                                                      0.114     7.732 r  u_clk_div/cnt_1hz0_carry__3/CO[3]
                         net (fo=1, routed)           0.000     7.732    u_clk_div/cnt_1hz0_carry__3_n_0
    SLICE_X5Y90          CARRY4 (Prop_carry4_CI_CO[3])
                                                      0.114     7.846 r  u_clk_div/cnt_1hz0_carry__4/CO[3]
                         net (fo=1, routed)           0.000     7.846    u_clk_div/cnt_1hz0_carry__4_n_0
    SLICE_X5Y91          CARRY4 (Prop_carry4_CI_O[0])
                                                      0.222     8.068 r  u_clk_div/cnt_1hz0_carry__5/O[0]
                         net (fo=1, routed)           0.828     8.896    u_clk_div/data0[25]
    SLICE_X4Y90          LUT2 (Prop_lut2_I1_O)        0.327     9.223 r  u_clk_div/cnt_1hz[25]_i_1/O
                         net (fo=1, routed)           0.000     9.223    u_clk_div/cnt_1hz_1[25]
    SLICE_X4Y90          FDCE                                         r  u_clk_div/cnt_1hz_reg[25]/D
  -------------------------------------------------------------------    -------------------

                         (clock sys_clk_pin rise edge)
                                                     10.000    10.000 r  
    E3                                                0.000    10.000 r  clk (IN)
                         net (fo=0)                   0.000    10.000    clk
    E3                   IBUF (Prop_ibuf_I_O)         1.411    11.411 r  clk_IBUF_inst/O
                         net (fo=1, routed)           1.920    13.331    clk_IBUF
    BUFGCTRL_X0Y16       BUFG (Prop_bufg_I_O)         0.091    13.422 r  clk_IBUF_BUFG_inst/O
                         net (fo=47, routed)          1.601    15.024    u_clk_div/clk_1hz_reg_0
    SLICE_X4Y90          FDCE                                         r  u_clk_div/cnt_1hz_reg[25]/C
                         clock pessimism              0.276    15.300    
                         clock uncertainty           -0.035    15.264    
    SLICE_X4Y90          FDCE (Setup_fdce_C_D)        0.075    15.339    u_clk_div/cnt_1hz_reg[25]
  -------------------------------------------------------------------
                         required time                         15.339    
                         arrival time                          -9.223    
  -------------------------------------------------------------------
                         slack                                  6.116    

Slack (MET) :             6.190ns  (required time - arrival time)
  Source:                 u_clk_div/cnt_1hz_reg[1]/C
                            (rising edge-triggered cell FDCE clocked by sys_clk_pin  {rise@0.000ns fall@5.000ns period=10.000ns})
  Destination:            u_clk_div/cnt_1hz_reg[18]/D
                            (rising edge-triggered cell FDCE clocked by sys_clk_pin  {rise@0.000ns fall@5.000ns period=10.000ns})
  Path Group:             sys_clk_pin
  Path Type:              Setup (Max at Slow Process Corner)
  Requirement:            10.000ns  (sys_clk_pin rise@10.000ns - sys_clk_pin rise@0.000ns)
  Data Path Delay:        3.782ns  (logic 2.229ns (58.937%)  route 1.553ns (41.063%))
  Logic Levels:           6  (CARRY4=5 LUT2=1)
  Clock Path Skew:        -0.022ns (DCD - SCD + CPR)
    Destination Clock Delay (DCD):    5.024ns = ( 15.024 - 10.000 ) 
    Source Clock Delay      (SCD):    5.322ns
    Clock Pessimism Removal (CPR):    0.276ns
  Clock Uncertainty:      0.035ns  ((TSJ^2 + TIJ^2)^1/2 + DJ) / 2 + PE
    Total System Jitter     (TSJ):    0.071ns
    Total Input Jitter      (TIJ):    0.000ns
    Discrete Jitter          (DJ):    0.000ns
    Phase Error              (PE):    0.000ns

    Location             Delay type                Incr(ns)  Path(ns)    Netlist Resource(s)
  -------------------------------------------------------------------    -------------------
                         (clock sys_clk_pin rise edge)
                                                      0.000     0.000 r  
    E3                                                0.000     0.000 r  clk (IN)
                         net (fo=0)                   0.000     0.000    clk
    E3                   IBUF (Prop_ibuf_I_O)         1.482     1.482 r  clk_IBUF_inst/O
                         net (fo=1, routed)           2.025     3.506    clk_IBUF
    BUFGCTRL_X0Y16       BUFG (Prop_bufg_I_O)         0.096     3.602 r  clk_IBUF_BUFG_inst/O
                         net (fo=47, routed)          1.719     5.322    u_clk_div/clk_1hz_reg_0
    SLICE_X4Y85          FDCE                                         r  u_clk_div/cnt_1hz_reg[1]/C
  -------------------------------------------------------------------    -------------------
    SLICE_X4Y85          FDCE (Prop_fdce_C_Q)         0.419     5.741 r  u_clk_div/cnt_1hz_reg[1]/Q
                         net (fo=2, routed)           0.704     6.445    u_clk_div/cnt_1hz[1]
    SLICE_X5Y85          CARRY4 (Prop_carry4_S[0]_CO[3])
                                                      0.831     7.276 r  u_clk_div/cnt_1hz0_carry/CO[3]
                         net (fo=1, routed)           0.000     7.276    u_clk_div/cnt_1hz0_carry_n_0
    SLICE_X5Y86          CARRY4 (Prop_carry4_CI_CO[3])
                                                      0.114     7.390 r  u_clk_div/cnt_1hz0_carry__0/CO[3]
                         net (fo=1, routed)           0.000     7.390    u_clk_div/cnt_1hz0_carry__0_n_0
    SLICE_X5Y87          CARRY4 (Prop_carry4_CI_CO[3])
                                                      0.114     7.504 r  u_clk_div/cnt_1hz0_carry__1/CO[3]
                         net (fo=1, routed)           0.000     7.504    u_clk_div/cnt_1hz0_carry__1_n_0
    SLICE_X5Y88          CARRY4 (Prop_carry4_CI_CO[3])
                                                      0.114     7.618 r  u_clk_div/cnt_1hz0_carry__2/CO[3]
                         net (fo=1, routed)           0.000     7.618    u_clk_div/cnt_1hz0_carry__2_n_0
    SLICE_X5Y89          CARRY4 (Prop_carry4_CI_O[1])
                                                      0.334     7.952 r  u_clk_div/cnt_1hz0_carry__3/O[1]
                         net (fo=1, routed)           0.849     8.801    u_clk_div/data0[18]
    SLICE_X4Y89          LUT2 (Prop_lut2_I1_O)        0.303     9.104 r  u_clk_div/cnt_1hz[18]_i_1/O
                         net (fo=1, routed)           0.000     9.104    u_clk_div/cnt_1hz_1[18]
    SLICE_X4Y89          FDCE                                         r  u_clk_div/cnt_1hz_reg[18]/D
  -------------------------------------------------------------------    -------------------

                         (clock sys_clk_pin rise edge)
                                                     10.000    10.000 r  
    E3                                                0.000    10.000 r  clk (IN)
                         net (fo=0)                   0.000    10.000    clk
    E3                   IBUF (Prop_ibuf_I_O)         1.411    11.411 r  clk_IBUF_inst/O
                         net (fo=1, routed)           1.920    13.331    clk_IBUF
    BUFGCTRL_X0Y16       BUFG (Prop_bufg_I_O)         0.091    13.422 r  clk_IBUF_BUFG_inst/O
                         net (fo=47, routed)          1.601    15.024    u_clk_div/clk_1hz_reg_0
    SLICE_X4Y89          FDCE                                         r  u_clk_div/cnt_1hz_reg[18]/C
                         clock pessimism              0.276    15.300    
                         clock uncertainty           -0.035    15.264    
    SLICE_X4Y89          FDCE (Setup_fdce_C_D)        0.029    15.293    u_clk_div/cnt_1hz_reg[18]
  -------------------------------------------------------------------
                         required time                         15.293    
                         arrival time                          -9.104    
  -------------------------------------------------------------------
                         slack                                  6.190    

Slack (MET) :             6.230ns  (required time - arrival time)
  Source:                 u_clk_div/cnt_1hz_reg[1]/C
                            (rising edge-triggered cell FDCE clocked by sys_clk_pin  {rise@0.000ns fall@5.000ns period=10.000ns})
  Destination:            u_clk_div/cnt_1hz_reg[21]/D
                            (rising edge-triggered cell FDCE clocked by sys_clk_pin  {rise@0.000ns fall@5.000ns period=10.000ns})
  Path Group:             sys_clk_pin
  Path Type:              Setup (Max at Slow Process Corner)
  Requirement:            10.000ns  (sys_clk_pin rise@10.000ns - sys_clk_pin rise@0.000ns)
  Data Path Delay:        3.787ns  (logic 2.255ns (59.541%)  route 1.532ns (40.459%))
  Logic Levels:           7  (CARRY4=6 LUT2=1)
  Clock Path Skew:        -0.022ns (DCD - SCD + CPR)
    Destination Clock Delay (DCD):    5.024ns = ( 15.024 - 10.000 ) 
    Source Clock Delay      (SCD):    5.322ns
    Clock Pessimism Removal (CPR):    0.276ns
  Clock Uncertainty:      0.035ns  ((TSJ^2 + TIJ^2)^1/2 + DJ) / 2 + PE
    Total System Jitter     (TSJ):    0.071ns
    Total Input Jitter      (TIJ):    0.000ns
    Discrete Jitter          (DJ):    0.000ns
    Phase Error              (PE):    0.000ns

    Location             Delay type                Incr(ns)  Path(ns)    Netlist Resource(s)
  -------------------------------------------------------------------    -------------------
                         (clock sys_clk_pin rise edge)
                                                      0.000     0.000 r  
    E3                                                0.000     0.000 r  clk (IN)
                         net (fo=0)                   0.000     0.000    clk
    E3                   IBUF (Prop_ibuf_I_O)         1.482     1.482 r  clk_IBUF_inst/O
                         net (fo=1, routed)           2.025     3.506    clk_IBUF
    BUFGCTRL_X0Y16       BUFG (Prop_bufg_I_O)         0.096     3.602 r  clk_IBUF_BUFG_inst/O
                         net (fo=47, routed)          1.719     5.322    u_clk_div/clk_1hz_reg_0
    SLICE_X4Y85          FDCE                                         r  u_clk_div/cnt_1hz_reg[1]/C
  -------------------------------------------------------------------    -------------------
    SLICE_X4Y85          FDCE (Prop_fdce_C_Q)         0.419     5.741 r  u_clk_div/cnt_1hz_reg[1]/Q
                         net (fo=2, routed)           0.704     6.445    u_clk_div/cnt_1hz[1]
    SLICE_X5Y85          CARRY4 (Prop_carry4_S[0]_CO[3])
                                                      0.831     7.276 r  u_clk_div/cnt_1hz0_carry/CO[3]
                         net (fo=1, routed)           0.000     7.276    u_clk_div/cnt_1hz0_carry_n_0
    SLICE_X5Y86          CARRY4 (Prop_carry4_CI_CO[3])
                                                      0.114     7.390 r  u_clk_div/cnt_1hz0_carry__0/CO[3]
                         net (fo=1, routed)           0.000     7.390    u_clk_div/cnt_1hz0_carry__0_n_0
    SLICE_X5Y87          CARRY4 (Prop_carry4_CI_CO[3])
                                                      0.114     7.504 r  u_clk_div/cnt_1hz0_carry__1/CO[3]
                         net (fo=1, routed)           0.000     7.504    u_clk_div/cnt_1hz0_carry__1_n_0
    SLICE_X5Y88          CARRY4 (Prop_carry4_CI_CO[3])
                                                      0.114     7.618 r  u_clk_div/cnt_1hz0_carry__2/CO[3]
                         net (fo=1, routed)           0.000     7.618    u_clk_div/cnt_1hz0_carry__2_n_0
    SLICE_X5Y89          CARRY4 (Prop_carry4_CI_CO[3])
                                                      0.114     7.732 r  u_clk_div/cnt_1hz0_carry__3/CO[3]
                         net (fo=1, routed)           0.000     7.732    u_clk_div/cnt_1hz0_carry__3_n_0
    SLICE_X5Y90          CARRY4 (Prop_carry4_CI_O[0])
                                                      0.222     7.954 r  u_clk_div/cnt_1hz0_carry__4/O[0]
                         net (fo=1, routed)           0.828     8.782    u_clk_div/data0[21]
    SLICE_X4Y89          LUT2 (Prop_lut2_I1_O)        0.327     9.109 r  u_clk_div/cnt_1hz[21]_i_1/O
                         net (fo=1, routed)           0.000     9.109    u_clk_div/cnt_1hz_1[21]
    SLICE_X4Y89          FDCE                                         r  u_clk_div/cnt_1hz_reg[21]/D
  -------------------------------------------------------------------    -------------------

                         (clock sys_clk_pin rise edge)
                                                     10.000    10.000 r  
    E3                                                0.000    10.000 r  clk (IN)
                         net (fo=0)                   0.000    10.000    clk
    E3                   IBUF (Prop_ibuf_I_O)         1.411    11.411 r  clk_IBUF_inst/O
                         net (fo=1, routed)           1.920    13.331    clk_IBUF
    BUFGCTRL_X0Y16       BUFG (Prop_bufg_I_O)         0.091    13.422 r  clk_IBUF_BUFG_inst/O
                         net (fo=47, routed)          1.601    15.024    u_clk_div/clk_1hz_reg_0
    SLICE_X4Y89          FDCE                                         r  u_clk_div/cnt_1hz_reg[21]/C
                         clock pessimism              0.276    15.300    
                         clock uncertainty           -0.035    15.264    
    SLICE_X4Y89          FDCE (Setup_fdce_C_D)        0.075    15.339    u_clk_div/cnt_1hz_reg[21]
  -------------------------------------------------------------------
                         required time                         15.339    
                         arrival time                          -9.109    
  -------------------------------------------------------------------
                         slack                                  6.230    

Slack (MET) :             6.298ns  (required time - arrival time)
  Source:                 u_clk_div/cnt_1hz_reg[1]/C
                            (rising edge-triggered cell FDCE clocked by sys_clk_pin  {rise@0.000ns fall@5.000ns period=10.000ns})
  Destination:            u_clk_div/cnt_1hz_reg[24]/D
                            (rising edge-triggered cell FDCE clocked by sys_clk_pin  {rise@0.000ns fall@5.000ns period=10.000ns})
  Path Group:             sys_clk_pin
  Path Type:              Setup (Max at Slow Process Corner)
  Requirement:            10.000ns  (sys_clk_pin rise@10.000ns - sys_clk_pin rise@0.000ns)
  Data Path Delay:        3.719ns  (logic 2.353ns (63.267%)  route 1.366ns (36.733%))
  Logic Levels:           7  (CARRY4=6 LUT2=1)
  Clock Path Skew:        -0.022ns (DCD - SCD + CPR)
    Destination Clock Delay (DCD):    5.024ns = ( 15.024 - 10.000 ) 
    Source Clock Delay      (SCD):    5.322ns
    Clock Pessimism Removal (CPR):    0.276ns
  Clock Uncertainty:      0.035ns  ((TSJ^2 + TIJ^2)^1/2 + DJ) / 2 + PE
    Total System Jitter     (TSJ):    0.071ns
    Total Input Jitter      (TIJ):    0.000ns
    Discrete Jitter          (DJ):    0.000ns
    Phase Error              (PE):    0.000ns

    Location             Delay type                Incr(ns)  Path(ns)    Netlist Resource(s)
  -------------------------------------------------------------------    -------------------
                         (clock sys_clk_pin rise edge)
                                                      0.000     0.000 r  
    E3                                                0.000     0.000 r  clk (IN)
                         net (fo=0)                   0.000     0.000    clk
    E3                   IBUF (Prop_ibuf_I_O)         1.482     1.482 r  clk_IBUF_inst/O
                         net (fo=1, routed)           2.025     3.506    clk_IBUF
    BUFGCTRL_X0Y16       BUFG (Prop_bufg_I_O)         0.096     3.602 r  clk_IBUF_BUFG_inst/O
                         net (fo=47, routed)          1.719     5.322    u_clk_div/clk_1hz_reg_0
    SLICE_X4Y85          FDCE                                         r  u_clk_div/cnt_1hz_reg[1]/C
  -------------------------------------------------------------------    -------------------
    SLICE_X4Y85          FDCE (Prop_fdce_C_Q)         0.419     5.741 r  u_clk_div/cnt_1hz_reg[1]/Q
                         net (fo=2, routed)           0.704     6.445    u_clk_div/cnt_1hz[1]
    SLICE_X5Y85          CARRY4 (Prop_carry4_S[0]_CO[3])
                                                      0.831     7.276 r  u_clk_div/cnt_1hz0_carry/CO[3]
                         net (fo=1, routed)           0.000     7.276    u_clk_div/cnt_1hz0_carry_n_0
    SLICE_X5Y86          CARRY4 (Prop_carry4_CI_CO[3])
                                                      0.114     7.390 r  u_clk_div/cnt_1hz0_carry__0/CO[3]
                         net (fo=1, routed)           0.000     7.390    u_clk_div/cnt_1hz0_carry__0_n_0
    SLICE_X5Y87          CARRY4 (Prop_carry4_CI_CO[3])
                                                      0.114     7.504 r  u_clk_div/cnt_1hz0_carry__1/CO[3]
                         net (fo=1, routed)           0.000     7.504    u_clk_div/cnt_1hz0_carry__1_n_0
    SLICE_X5Y88          CARRY4 (Prop_carry4_CI_CO[3])
                                                      0.114     7.618 r  u_clk_div/cnt_1hz0_carry__2/CO[3]
                         net (fo=1, routed)           0.000     7.618    u_clk_div/cnt_1hz0_carry__2_n_0
    SLICE_X5Y89          CARRY4 (Prop_carry4_CI_CO[3])
                                                      0.114     7.732 r  u_clk_div/cnt_1hz0_carry__3/CO[3]
                         net (fo=1, routed)           0.000     7.732    u_clk_div/cnt_1hz0_carry__3_n_0
    SLICE_X5Y90          CARRY4 (Prop_carry4_CI_O[3])
                                                      0.313     8.045 r  u_clk_div/cnt_1hz0_carry__4/O[3]
                         net (fo=1, routed)           0.662     8.707    u_clk_div/data0[24]
    SLICE_X4Y90          LUT2 (Prop_lut2_I1_O)        0.334     9.041 r  u_clk_div/cnt_1hz[24]_i_1/O
                         net (fo=1, routed)           0.000     9.041    u_clk_div/cnt_1hz_1[24]
    SLICE_X4Y90          FDCE                                         r  u_clk_div/cnt_1hz_reg[24]/D
  -------------------------------------------------------------------    -------------------

                         (clock sys_clk_pin rise edge)
                                                     10.000    10.000 r  
    E3                                                0.000    10.000 r  clk (IN)
                         net (fo=0)                   0.000    10.000    clk
    E3                   IBUF (Prop_ibuf_I_O)         1.411    11.411 r  clk_IBUF_inst/O
                         net (fo=1, routed)           1.920    13.331    clk_IBUF
    BUFGCTRL_X0Y16       BUFG (Prop_bufg_I_O)         0.091    13.422 r  clk_IBUF_BUFG_inst/O
                         net (fo=47, routed)          1.601    15.024    u_clk_div/clk_1hz_reg_0
    SLICE_X4Y90          FDCE                                         r  u_clk_div/cnt_1hz_reg[24]/C
                         clock pessimism              0.276    15.300    
                         clock uncertainty           -0.035    15.264    
    SLICE_X4Y90          FDCE (Setup_fdce_C_D)        0.075    15.339    u_clk_div/cnt_1hz_reg[24]
  -------------------------------------------------------------------
                         required time                         15.339    
                         arrival time                          -9.041    
  -------------------------------------------------------------------
                         slack                                  6.298    

Slack (MET) :             6.303ns  (required time - arrival time)
  Source:                 u_clk_div/cnt_1hz_reg[1]/C
                            (rising edge-triggered cell FDCE clocked by sys_clk_pin  {rise@0.000ns fall@5.000ns period=10.000ns})
  Destination:            u_clk_div/cnt_1hz_reg[14]/D
                            (rising edge-triggered cell FDCE clocked by sys_clk_pin  {rise@0.000ns fall@5.000ns period=10.000ns})
  Path Group:             sys_clk_pin
  Path Type:              Setup (Max at Slow Process Corner)
  Requirement:            10.000ns  (sys_clk_pin rise@10.000ns - sys_clk_pin rise@0.000ns)
  Data Path Delay:        3.668ns  (logic 2.115ns (57.661%)  route 1.553ns (42.339%))
  Logic Levels:           5  (CARRY4=4 LUT2=1)
  Clock Path Skew:        -0.023ns (DCD - SCD + CPR)
    Destination Clock Delay (DCD):    5.023ns = ( 15.023 - 10.000 ) 
    Source Clock Delay      (SCD):    5.322ns
    Clock Pessimism Removal (CPR):    0.276ns
  Clock Uncertainty:      0.035ns  ((TSJ^2 + TIJ^2)^1/2 + DJ) / 2 + PE
    Total System Jitter     (TSJ):    0.071ns
    Total Input Jitter      (TIJ):    0.000ns
    Discrete Jitter          (DJ):    0.000ns
    Phase Error              (PE):    0.000ns

    Location             Delay type                Incr(ns)  Path(ns)    Netlist Resource(s)
  -------------------------------------------------------------------    -------------------
                         (clock sys_clk_pin rise edge)
                                                      0.000     0.000 r  
    E3                                                0.000     0.000 r  clk (IN)
                         net (fo=0)                   0.000     0.000    clk
    E3                   IBUF (Prop_ibuf_I_O)         1.482     1.482 r  clk_IBUF_inst/O
                         net (fo=1, routed)           2.025     3.506    clk_IBUF
    BUFGCTRL_X0Y16       BUFG (Prop_bufg_I_O)         0.096     3.602 r  clk_IBUF_BUFG_inst/O
                         net (fo=47, routed)          1.719     5.322    u_clk_div/clk_1hz_reg_0
    SLICE_X4Y85          FDCE                                         r  u_clk_div/cnt_1hz_reg[1]/C
  -------------------------------------------------------------------    -------------------
    SLICE_X4Y85          FDCE (Prop_fdce_C_Q)         0.419     5.741 r  u_clk_div/cnt_1hz_reg[1]/Q
                         net (fo=2, routed)           0.704     6.445    u_clk_div/cnt_1hz[1]
    SLICE_X5Y85          CARRY4 (Prop_carry4_S[0]_CO[3])
                                                      0.831     7.276 r  u_clk_div/cnt_1hz0_carry/CO[3]
                         net (fo=1, routed)           0.000     7.276    u_clk_div/cnt_1hz0_carry_n_0
    SLICE_X5Y86          CARRY4 (Prop_carry4_CI_CO[3])
                                                      0.114     7.390 r  u_clk_div/cnt_1hz0_carry__0/CO[3]
                         net (fo=1, routed)           0.000     7.390    u_clk_div/cnt_1hz0_carry__0_n_0
    SLICE_X5Y87          CARRY4 (Prop_carry4_CI_CO[3])
                                                      0.114     7.504 r  u_clk_div/cnt_1hz0_carry__1/CO[3]
                         net (fo=1, routed)           0.000     7.504    u_clk_div/cnt_1hz0_carry__1_n_0
    SLICE_X5Y88          CARRY4 (Prop_carry4_CI_O[1])
                                                      0.334     7.838 r  u_clk_div/cnt_1hz0_carry__2/O[1]
                         net (fo=1, routed)           0.849     8.687    u_clk_div/data0[14]
    SLICE_X4Y88          LUT2 (Prop_lut2_I1_O)        0.303     8.990 r  u_clk_div/cnt_1hz[14]_i_1/O
                         net (fo=1, routed)           0.000     8.990    u_clk_div/cnt_1hz_1[14]
    SLICE_X4Y88          FDCE                                         r  u_clk_div/cnt_1hz_reg[14]/D
  -------------------------------------------------------------------    -------------------

                         (clock sys_clk_pin rise edge)
                                                     10.000    10.000 r  
    E3                                                0.000    10.000 r  clk (IN)
                         net (fo=0)                   0.000    10.000    clk
    E3                   IBUF (Prop_ibuf_I_O)         1.411    11.411 r  clk_IBUF_inst/O
                         net (fo=1, routed)           1.920    13.331    clk_IBUF
    BUFGCTRL_X0Y16       BUFG (Prop_bufg_I_O)         0.091    13.422 r  clk_IBUF_BUFG_inst/O
                         net (fo=47, routed)          1.600    15.023    u_clk_div/clk_1hz_reg_0
    SLICE_X4Y88          FDCE                                         r  u_clk_div/cnt_1hz_reg[14]/C
                         clock pessimism              0.276    15.299    
                         clock uncertainty           -0.035    15.263    
    SLICE_X4Y88          FDCE (Setup_fdce_C_D)        0.029    15.292    u_clk_div/cnt_1hz_reg[14]
  -------------------------------------------------------------------
                         required time                         15.292    
                         arrival time                          -8.990    
  -------------------------------------------------------------------
                         slack                                  6.303    

Slack (MET) :             6.343ns  (required time - arrival time)
  Source:                 u_clk_div/cnt_1hz_reg[1]/C
                            (rising edge-triggered cell FDCE clocked by sys_clk_pin  {rise@0.000ns fall@5.000ns period=10.000ns})
  Destination:            u_clk_div/cnt_1hz_reg[17]/D
                            (rising edge-triggered cell FDCE clocked by sys_clk_pin  {rise@0.000ns fall@5.000ns period=10.000ns})
  Path Group:             sys_clk_pin
  Path Type:              Setup (Max at Slow Process Corner)
  Requirement:            10.000ns  (sys_clk_pin rise@10.000ns - sys_clk_pin rise@0.000ns)
  Data Path Delay:        3.673ns  (logic 2.141ns (58.286%)  route 1.532ns (41.714%))
  Logic Levels:           6  (CARRY4=5 LUT2=1)
  Clock Path Skew:        -0.023ns (DCD - SCD + CPR)
    Destination Clock Delay (DCD):    5.023ns = ( 15.023 - 10.000 ) 
    Source Clock Delay      (SCD):    5.322ns
    Clock Pessimism Removal (CPR):    0.276ns
  Clock Uncertainty:      0.035ns  ((TSJ^2 + TIJ^2)^1/2 + DJ) / 2 + PE
    Total System Jitter     (TSJ):    0.071ns
    Total Input Jitter      (TIJ):    0.000ns
    Discrete Jitter          (DJ):    0.000ns
    Phase Error              (PE):    0.000ns

    Location             Delay type                Incr(ns)  Path(ns)    Netlist Resource(s)
  -------------------------------------------------------------------    -------------------
                         (clock sys_clk_pin rise edge)
                                                      0.000     0.000 r  
    E3                                                0.000     0.000 r  clk (IN)
                         net (fo=0)                   0.000     0.000    clk
    E3                   IBUF (Prop_ibuf_I_O)         1.482     1.482 r  clk_IBUF_inst/O
                         net (fo=1, routed)           2.025     3.506    clk_IBUF
    BUFGCTRL_X0Y16       BUFG (Prop_bufg_I_O)         0.096     3.602 r  clk_IBUF_BUFG_inst/O
                         net (fo=47, routed)          1.719     5.322    u_clk_div/clk_1hz_reg_0
    SLICE_X4Y85          FDCE                                         r  u_clk_div/cnt_1hz_reg[1]/C
  -------------------------------------------------------------------    -------------------
    SLICE_X4Y85          FDCE (Prop_fdce_C_Q)         0.419     5.741 r  u_clk_div/cnt_1hz_reg[1]/Q
                         net (fo=2, routed)           0.704     6.445    u_clk_div/cnt_1hz[1]
    SLICE_X5Y85          CARRY4 (Prop_carry4_S[0]_CO[3])
                                                      0.831     7.276 r  u_clk_div/cnt_1hz0_carry/CO[3]
                         net (fo=1, routed)           0.000     7.276    u_clk_div/cnt_1hz0_carry_n_0
    SLICE_X5Y86          CARRY4 (Prop_carry4_CI_CO[3])
                                                      0.114     7.390 r  u_clk_div/cnt_1hz0_carry__0/CO[3]
                         net (fo=1, routed)           0.000     7.390    u_clk_div/cnt_1hz0_carry__0_n_0
    SLICE_X5Y87          CARRY4 (Prop_carry4_CI_CO[3])
                                                      0.114     7.504 r  u_clk_div/cnt_1hz0_carry__1/CO[3]
                         net (fo=1, routed)           0.000     7.504    u_clk_div/cnt_1hz0_carry__1_n_0
    SLICE_X5Y88          CARRY4 (Prop_carry4_CI_CO[3])
                                                      0.114     7.618 r  u_clk_div/cnt_1hz0_carry__2/CO[3]
                         net (fo=1, routed)           0.000     7.618    u_clk_div/cnt_1hz0_carry__2_n_0
    SLICE_X5Y89          CARRY4 (Prop_carry4_CI_O[0])
                                                      0.222     7.840 r  u_clk_div/cnt_1hz0_carry__3/O[0]
                         net (fo=1, routed)           0.828     8.668    u_clk_div/data0[17]
    SLICE_X4Y88          LUT2 (Prop_lut2_I1_O)        0.327     8.995 r  u_clk_div/cnt_1hz[17]_i_1/O
                         net (fo=1, routed)           0.000     8.995    u_clk_div/cnt_1hz_1[17]
    SLICE_X4Y88          FDCE                                         r  u_clk_div/cnt_1hz_reg[17]/D
  -------------------------------------------------------------------    -------------------

                         (clock sys_clk_pin rise edge)
                                                     10.000    10.000 r  
    E3                                                0.000    10.000 r  clk (IN)
                         net (fo=0)                   0.000    10.000    clk
    E3                   IBUF (Prop_ibuf_I_O)         1.411    11.411 r  clk_IBUF_inst/O
                         net (fo=1, routed)           1.920    13.331    clk_IBUF
    BUFGCTRL_X0Y16       BUFG (Prop_bufg_I_O)         0.091    13.422 r  clk_IBUF_BUFG_inst/O
                         net (fo=47, routed)          1.600    15.023    u_clk_div/clk_1hz_reg_0
    SLICE_X4Y88          FDCE                                         r  u_clk_div/cnt_1hz_reg[17]/C
                         clock pessimism              0.276    15.299    
                         clock uncertainty           -0.035    15.263    
    SLICE_X4Y88          FDCE (Setup_fdce_C_D)        0.075    15.338    u_clk_div/cnt_1hz_reg[17]
  -------------------------------------------------------------------
                         required time                         15.338    
                         arrival time                          -8.995    
  -------------------------------------------------------------------
                         slack                                  6.343    

Slack (MET) :             6.412ns  (required time - arrival time)
  Source:                 u_clk_div/cnt_1hz_reg[1]/C
                            (rising edge-triggered cell FDCE clocked by sys_clk_pin  {rise@0.000ns fall@5.000ns period=10.000ns})
  Destination:            u_clk_div/cnt_1hz_reg[20]/D
                            (rising edge-triggered cell FDCE clocked by sys_clk_pin  {rise@0.000ns fall@5.000ns period=10.000ns})
  Path Group:             sys_clk_pin
  Path Type:              Setup (Max at Slow Process Corner)
  Requirement:            10.000ns  (sys_clk_pin rise@10.000ns - sys_clk_pin rise@0.000ns)
  Data Path Delay:        3.605ns  (logic 2.239ns (62.105%)  route 1.366ns (37.895%))
  Logic Levels:           6  (CARRY4=5 LUT2=1)
  Clock Path Skew:        -0.022ns (DCD - SCD + CPR)
    Destination Clock Delay (DCD):    5.024ns = ( 15.024 - 10.000 ) 
    Source Clock Delay      (SCD):    5.322ns
    Clock Pessimism Removal (CPR):    0.276ns
  Clock Uncertainty:      0.035ns  ((TSJ^2 + TIJ^2)^1/2 + DJ) / 2 + PE
    Total System Jitter     (TSJ):    0.071ns
    Total Input Jitter      (TIJ):    0.000ns
    Discrete Jitter          (DJ):    0.000ns
    Phase Error              (PE):    0.000ns

    Location             Delay type                Incr(ns)  Path(ns)    Netlist Resource(s)
  -------------------------------------------------------------------    -------------------
                         (clock sys_clk_pin rise edge)
                                                      0.000     0.000 r  
    E3                                                0.000     0.000 r  clk (IN)
                         net (fo=0)                   0.000     0.000    clk
    E3                   IBUF (Prop_ibuf_I_O)         1.482     1.482 r  clk_IBUF_inst/O
                         net (fo=1, routed)           2.025     3.506    clk_IBUF
    BUFGCTRL_X0Y16       BUFG (Prop_bufg_I_O)         0.096     3.602 r  clk_IBUF_BUFG_inst/O
                         net (fo=47, routed)          1.719     5.322    u_clk_div/clk_1hz_reg_0
    SLICE_X4Y85          FDCE                                         r  u_clk_div/cnt_1hz_reg[1]/C
  -------------------------------------------------------------------    -------------------
    SLICE_X4Y85          FDCE (Prop_fdce_C_Q)         0.419     5.741 r  u_clk_div/cnt_1hz_reg[1]/Q
                         net (fo=2, routed)           0.704     6.445    u_clk_div/cnt_1hz[1]
    SLICE_X5Y85          CARRY4 (Prop_carry4_S[0]_CO[3])
                                                      0.831     7.276 r  u_clk_div/cnt_1hz0_carry/CO[3]
                         net (fo=1, routed)           0.000     7.276    u_clk_div/cnt_1hz0_carry_n_0
    SLICE_X5Y86          CARRY4 (Prop_carry4_CI_CO[3])
                                                      0.114     7.390 r  u_clk_div/cnt_1hz0_carry__0/CO[3]
                         net (fo=1, routed)           0.000     7.390    u_clk_div/cnt_1hz0_carry__0_n_0
    SLICE_X5Y87          CARRY4 (Prop_carry4_CI_CO[3])
                                                      0.114     7.504 r  u_clk_div/cnt_1hz0_carry__1/CO[3]
                         net (fo=1, routed)           0.000     7.504    u_clk_div/cnt_1hz0_carry__1_n_0
    SLICE_X5Y88          CARRY4 (Prop_carry4_CI_CO[3])
                                                      0.114     7.618 r  u_clk_div/cnt_1hz0_carry__2/CO[3]
                         net (fo=1, routed)           0.000     7.618    u_clk_div/cnt_1hz0_carry__2_n_0
    SLICE_X5Y89          CARRY4 (Prop_carry4_CI_O[3])
                                                      0.313     7.931 r  u_clk_div/cnt_1hz0_carry__3/O[3]
                         net (fo=1, routed)           0.662     8.593    u_clk_div/data0[20]
    SLICE_X4Y89          LUT2 (Prop_lut2_I1_O)        0.334     8.927 r  u_clk_div/cnt_1hz[20]_i_1/O
                         net (fo=1, routed)           0.000     8.927    u_clk_div/cnt_1hz_1[20]
    SLICE_X4Y89          FDCE                                         r  u_clk_div/cnt_1hz_reg[20]/D
  -------------------------------------------------------------------    -------------------

                         (clock sys_clk_pin rise edge)
                                                     10.000    10.000 r  
    E3                                                0.000    10.000 r  clk (IN)
                         net (fo=0)                   0.000    10.000    clk
    E3                   IBUF (Prop_ibuf_I_O)         1.411    11.411 r  clk_IBUF_inst/O
                         net (fo=1, routed)           1.920    13.331    clk_IBUF
    BUFGCTRL_X0Y16       BUFG (Prop_bufg_I_O)         0.091    13.422 r  clk_IBUF_BUFG_inst/O
                         net (fo=47, routed)          1.601    15.024    u_clk_div/clk_1hz_reg_0
    SLICE_X4Y89          FDCE                                         r  u_clk_div/cnt_1hz_reg[20]/C
                         clock pessimism              0.276    15.300    
                         clock uncertainty           -0.035    15.264    
    SLICE_X4Y89          FDCE (Setup_fdce_C_D)        0.075    15.339    u_clk_div/cnt_1hz_reg[20]
  -------------------------------------------------------------------
                         required time                         15.339    
                         arrival time                          -8.927    
  -------------------------------------------------------------------
                         slack                                  6.412    

Slack (MET) :             6.416ns  (required time - arrival time)
  Source:                 u_clk_div/cnt_1hz_reg[1]/C
                            (rising edge-triggered cell FDCE clocked by sys_clk_pin  {rise@0.000ns fall@5.000ns period=10.000ns})
  Destination:            u_clk_div/cnt_1hz_reg[10]/D
                            (rising edge-triggered cell FDCE clocked by sys_clk_pin  {rise@0.000ns fall@5.000ns period=10.000ns})
  Path Group:             sys_clk_pin
  Path Type:              Setup (Max at Slow Process Corner)
  Requirement:            10.000ns  (sys_clk_pin rise@10.000ns - sys_clk_pin rise@0.000ns)
  Data Path Delay:        3.554ns  (logic 2.001ns (56.303%)  route 1.553ns (43.697%))
  Logic Levels:           4  (CARRY4=3 LUT2=1)
  Clock Path Skew:        -0.024ns (DCD - SCD + CPR)
    Destination Clock Delay (DCD):    5.022ns = ( 15.022 - 10.000 ) 
    Source Clock Delay      (SCD):    5.322ns
    Clock Pessimism Removal (CPR):    0.276ns
  Clock Uncertainty:      0.035ns  ((TSJ^2 + TIJ^2)^1/2 + DJ) / 2 + PE
    Total System Jitter     (TSJ):    0.071ns
    Total Input Jitter      (TIJ):    0.000ns
    Discrete Jitter          (DJ):    0.000ns
    Phase Error              (PE):    0.000ns

    Location             Delay type                Incr(ns)  Path(ns)    Netlist Resource(s)
  -------------------------------------------------------------------    -------------------
                         (clock sys_clk_pin rise edge)
                                                      0.000     0.000 r  
    E3                                                0.000     0.000 r  clk (IN)
                         net (fo=0)                   0.000     0.000    clk
    E3                   IBUF (Prop_ibuf_I_O)         1.482     1.482 r  clk_IBUF_inst/O
                         net (fo=1, routed)           2.025     3.506    clk_IBUF
    BUFGCTRL_X0Y16       BUFG (Prop_bufg_I_O)         0.096     3.602 r  clk_IBUF_BUFG_inst/O
                         net (fo=47, routed)          1.719     5.322    u_clk_div/clk_1hz_reg_0
    SLICE_X4Y85          FDCE                                         r  u_clk_div/cnt_1hz_reg[1]/C
  -------------------------------------------------------------------    -------------------
    SLICE_X4Y85          FDCE (Prop_fdce_C_Q)         0.419     5.741 r  u_clk_div/cnt_1hz_reg[1]/Q
                         net (fo=2, routed)           0.704     6.445    u_clk_div/cnt_1hz[1]
    SLICE_X5Y85          CARRY4 (Prop_carry4_S[0]_CO[3])
                                                      0.831     7.276 r  u_clk_div/cnt_1hz0_carry/CO[3]
                         net (fo=1, routed)           0.000     7.276    u_clk_div/cnt_1hz0_carry_n_0
    SLICE_X5Y86          CARRY4 (Prop_carry4_CI_CO[3])
                                                      0.114     7.390 r  u_clk_div/cnt_1hz0_carry__0/CO[3]
                         net (fo=1, routed)           0.000     7.390    u_clk_div/cnt_1hz0_carry__0_n_0
    SLICE_X5Y87          CARRY4 (Prop_carry4_CI_O[1])
                                                      0.334     7.724 r  u_clk_div/cnt_1hz0_carry__1/O[1]
                         net (fo=1, routed)           0.849     8.573    u_clk_div/data0[10]
    SLICE_X4Y87          LUT2 (Prop_lut2_I1_O)        0.303     8.876 r  u_clk_div/cnt_1hz[10]_i_1/O
                         net (fo=1, routed)           0.000     8.876    u_clk_div/cnt_1hz_1[10]
    SLICE_X4Y87          FDCE                                         r  u_clk_div/cnt_1hz_reg[10]/D
  -------------------------------------------------------------------    -------------------

                         (clock sys_clk_pin rise edge)
                                                     10.000    10.000 r  
    E3                                                0.000    10.000 r  clk (IN)
                         net (fo=0)                   0.000    10.000    clk
    E3                   IBUF (Prop_ibuf_I_O)         1.411    11.411 r  clk_IBUF_inst/O
                         net (fo=1, routed)           1.920    13.331    clk_IBUF
    BUFGCTRL_X0Y16       BUFG (Prop_bufg_I_O)         0.091    13.422 r  clk_IBUF_BUFG_inst/O
                         net (fo=47, routed)          1.599    15.022    u_clk_div/clk_1hz_reg_0
    SLICE_X4Y87          FDCE                                         r  u_clk_div/cnt_1hz_reg[10]/C
                         clock pessimism              0.276    15.298    
                         clock uncertainty           -0.035    15.262    
    SLICE_X4Y87          FDCE (Setup_fdce_C_D)        0.029    15.291    u_clk_div/cnt_1hz_reg[10]
  -------------------------------------------------------------------
                         required time                         15.291    
                         arrival time                          -8.876    
  -------------------------------------------------------------------
                         slack                                  6.416    

Slack (MET) :             6.426ns  (required time - arrival time)
  Source:                 u_clk_div/cnt_1hz_reg[14]/C
                            (rising edge-triggered cell FDCE clocked by sys_clk_pin  {rise@0.000ns fall@5.000ns period=10.000ns})
  Destination:            u_clk_div/cnt_1hz_reg[23]/D
                            (rising edge-triggered cell FDCE clocked by sys_clk_pin  {rise@0.000ns fall@5.000ns period=10.000ns})
  Path Group:             sys_clk_pin
  Path Type:              Setup (Max at Slow Process Corner)
  Requirement:            10.000ns  (sys_clk_pin rise@10.000ns - sys_clk_pin rise@0.000ns)
  Data Path Delay:        3.546ns  (logic 0.828ns (23.350%)  route 2.718ns (76.650%))
  Logic Levels:           3  (LUT2=1 LUT4=1 LUT6=1)
  Clock Path Skew:        -0.024ns (DCD - SCD + CPR)
    Destination Clock Delay (DCD):    5.024ns = ( 15.024 - 10.000 ) 
    Source Clock Delay      (SCD):    5.324ns
    Clock Pessimism Removal (CPR):    0.276ns
  Clock Uncertainty:      0.035ns  ((TSJ^2 + TIJ^2)^1/2 + DJ) / 2 + PE
    Total System Jitter     (TSJ):    0.071ns
    Total Input Jitter      (TIJ):    0.000ns
    Discrete Jitter          (DJ):    0.000ns
    Phase Error              (PE):    0.000ns

    Location             Delay type                Incr(ns)  Path(ns)    Netlist Resource(s)
  -------------------------------------------------------------------    -------------------
                         (clock sys_clk_pin rise edge)
                                                      0.000     0.000 r  
    E3                                                0.000     0.000 r  clk (IN)
                         net (fo=0)                   0.000     0.000    clk
    E3                   IBUF (Prop_ibuf_I_O)         1.482     1.482 r  clk_IBUF_inst/O
                         net (fo=1, routed)           2.025     3.506    clk_IBUF
    BUFGCTRL_X0Y16       BUFG (Prop_bufg_I_O)         0.096     3.602 r  clk_IBUF_BUFG_inst/O
                         net (fo=47, routed)          1.721     5.324    u_clk_div/clk_1hz_reg_0
    SLICE_X4Y88          FDCE                                         r  u_clk_div/cnt_1hz_reg[14]/C
  -------------------------------------------------------------------    -------------------
    SLICE_X4Y88          FDCE (Prop_fdce_C_Q)         0.456     5.780 f  u_clk_div/cnt_1hz_reg[14]/Q
                         net (fo=2, routed)           0.817     6.597    u_clk_div/cnt_1hz[14]
    SLICE_X4Y88          LUT4 (Prop_lut4_I1_O)        0.124     6.721 r  u_clk_div/cnt_1hz[25]_i_3/O
                         net (fo=1, routed)           1.019     7.740    u_clk_div/cnt_1hz[25]_i_3_n_0
    SLICE_X4Y87          LUT6 (Prop_lut6_I0_O)        0.124     7.864 r  u_clk_div/cnt_1hz[25]_i_2/O
                         net (fo=26, routed)          0.882     8.746    u_clk_div/cnt_1hz[25]_i_2_n_0
    SLICE_X4Y90          LUT2 (Prop_lut2_I0_O)        0.124     8.870 r  u_clk_div/cnt_1hz[23]_i_1/O
                         net (fo=1, routed)           0.000     8.870    u_clk_div/cnt_1hz_1[23]
    SLICE_X4Y90          FDCE                                         r  u_clk_div/cnt_1hz_reg[23]/D
  -------------------------------------------------------------------    -------------------

                         (clock sys_clk_pin rise edge)
                                                     10.000    10.000 r  
    E3                                                0.000    10.000 r  clk (IN)
                         net (fo=0)                   0.000    10.000    clk
    E3                   IBUF (Prop_ibuf_I_O)         1.411    11.411 r  clk_IBUF_inst/O
                         net (fo=1, routed)           1.920    13.331    clk_IBUF
    BUFGCTRL_X0Y16       BUFG (Prop_bufg_I_O)         0.091    13.422 r  clk_IBUF_BUFG_inst/O
                         net (fo=47, routed)          1.601    15.024    u_clk_div/clk_1hz_reg_0
    SLICE_X4Y90          FDCE                                         r  u_clk_div/cnt_1hz_reg[23]/C
                         clock pessimism              0.276    15.300    
                         clock uncertainty           -0.035    15.264    
    SLICE_X4Y90          FDCE (Setup_fdce_C_D)        0.031    15.295    u_clk_div/cnt_1hz_reg[23]
  -------------------------------------------------------------------
                         required time                         15.295    
                         arrival time                          -8.870    
  -------------------------------------------------------------------
                         slack                                  6.426    





Min Delay Paths
--------------------------------------------------------------------------------------
Slack (MET) :             0.249ns  (arrival time - required time)
  Source:                 u_clk_div/cnt_1khz_reg[0]/C
                            (rising edge-triggered cell FDCE clocked by sys_clk_pin  {rise@0.000ns fall@5.000ns period=10.000ns})
  Destination:            u_clk_div/cnt_1khz_reg[0]/D
                            (rising edge-triggered cell FDCE clocked by sys_clk_pin  {rise@0.000ns fall@5.000ns period=10.000ns})
  Path Group:             sys_clk_pin
  Path Type:              Hold (Min at Fast Process Corner)
  Requirement:            0.000ns  (sys_clk_pin rise@0.000ns - sys_clk_pin rise@0.000ns)
  Data Path Delay:        0.382ns  (logic 0.207ns (54.146%)  route 0.175ns (45.854%))
  Logic Levels:           1  (LUT1=1)
  Clock Path Skew:        0.000ns (DCD - SCD - CPR)
    Destination Clock Delay (DCD):    2.037ns
    Source Clock Delay      (SCD):    1.519ns
    Clock Pessimism Removal (CPR):    0.517ns

    Location             Delay type                Incr(ns)  Path(ns)    Netlist Resource(s)
  -------------------------------------------------------------------    -------------------
                         (clock sys_clk_pin rise edge)
                                                      0.000     0.000 r  
    E3                                                0.000     0.000 r  clk (IN)
                         net (fo=0)                   0.000     0.000    clk
    E3                   IBUF (Prop_ibuf_I_O)         0.250     0.250 r  clk_IBUF_inst/O
                         net (fo=1, routed)           0.644     0.894    clk_IBUF
    BUFGCTRL_X0Y16       BUFG (Prop_bufg_I_O)         0.026     0.920 r  clk_IBUF_BUFG_inst/O
                         net (fo=47, routed)          0.600     1.519    u_clk_div/clk_1hz_reg_0
    SLICE_X2Y85          FDCE                                         r  u_clk_div/cnt_1khz_reg[0]/C
  -------------------------------------------------------------------    -------------------
    SLICE_X2Y85          FDCE (Prop_fdce_C_Q)         0.164     1.683 f  u_clk_div/cnt_1khz_reg[0]/Q
                         net (fo=3, routed)           0.175     1.859    u_clk_div/cnt_1khz[0]
    SLICE_X2Y85          LUT1 (Prop_lut1_I0_O)        0.043     1.902 r  u_clk_div/cnt_1khz[0]_i_1/O
                         net (fo=1, routed)           0.000     1.902    u_clk_div/cnt_1khz_0[0]
    SLICE_X2Y85          FDCE                                         r  u_clk_div/cnt_1khz_reg[0]/D
  -------------------------------------------------------------------    -------------------

                         (clock sys_clk_pin rise edge)
                                                      0.000     0.000 r  
    E3                                                0.000     0.000 r  clk (IN)
                         net (fo=0)                   0.000     0.000    clk
    E3                   IBUF (Prop_ibuf_I_O)         0.438     0.438 r  clk_IBUF_inst/O
                         net (fo=1, routed)           0.699     1.136    clk_IBUF
    BUFGCTRL_X0Y16       BUFG (Prop_bufg_I_O)         0.029     1.165 r  clk_IBUF_BUFG_inst/O
                         net (fo=47, routed)          0.872     2.037    u_clk_div/clk_1hz_reg_0
    SLICE_X2Y85          FDCE                                         r  u_clk_div/cnt_1khz_reg[0]/C
                         clock pessimism             -0.517     1.519    
    SLICE_X2Y85          FDCE (Hold_fdce_C_D)         0.133     1.652    u_clk_div/cnt_1khz_reg[0]
  -------------------------------------------------------------------
                         required time                         -1.652    
                         arrival time                           1.902    
  -------------------------------------------------------------------
                         slack                                  0.249    

Slack (MET) :             0.263ns  (arrival time - required time)
  Source:                 u_fsm/FSM_sequential_state_reg[0]/C
                            (rising edge-triggered cell FDCE clocked by sys_clk_pin  {rise@0.000ns fall@5.000ns period=10.000ns})
  Destination:            u_fsm/FSM_sequential_state_reg[1]/D
                            (rising edge-triggered cell FDCE clocked by sys_clk_pin  {rise@0.000ns fall@5.000ns period=10.000ns})
  Path Group:             sys_clk_pin
  Path Type:              Hold (Min at Fast Process Corner)
  Requirement:            0.000ns  (sys_clk_pin rise@0.000ns - sys_clk_pin rise@0.000ns)
  Data Path Delay:        0.354ns  (logic 0.186ns (52.616%)  route 0.168ns (47.384%))
  Logic Levels:           1  (LUT6=1)
  Clock Path Skew:        0.000ns (DCD - SCD - CPR)
    Destination Clock Delay (DCD):    2.040ns
    Source Clock Delay      (SCD):    1.521ns
    Clock Pessimism Removal (CPR):    0.518ns

    Location             Delay type                Incr(ns)  Path(ns)    Netlist Resource(s)
  -------------------------------------------------------------------    -------------------
                         (clock sys_clk_pin rise edge)
                                                      0.000     0.000 r  
    E3                                                0.000     0.000 r  clk (IN)
                         net (fo=0)                   0.000     0.000    clk
    E3                   IBUF (Prop_ibuf_I_O)         0.250     0.250 r  clk_IBUF_inst/O
                         net (fo=1, routed)           0.644     0.894    clk_IBUF
    BUFGCTRL_X0Y16       BUFG (Prop_bufg_I_O)         0.026     0.920 r  clk_IBUF_BUFG_inst/O
                         net (fo=47, routed)          0.602     1.521    u_fsm/FSM_sequential_state_reg[0]_0
    SLICE_X0Y89          FDCE                                         r  u_fsm/FSM_sequential_state_reg[0]/C
  -------------------------------------------------------------------    -------------------
    SLICE_X0Y89          FDCE (Prop_fdce_C_Q)         0.141     1.662 r  u_fsm/FSM_sequential_state_reg[0]/Q
                         net (fo=15, routed)          0.168     1.830    u_fsm/led_camera_OBUF
    SLICE_X0Y89          LUT6 (Prop_lut6_I1_O)        0.045     1.875 r  u_fsm/FSM_sequential_state[1]_i_1/O
                         net (fo=1, routed)           0.000     1.875    u_fsm/FSM_sequential_state[1]_i_1_n_0
    SLICE_X0Y89          FDCE                                         r  u_fsm/FSM_sequential_state_reg[1]/D
  -------------------------------------------------------------------    -------------------

                         (clock sys_clk_pin rise edge)
                                                      0.000     0.000 r  
    E3                                                0.000     0.000 r  clk (IN)
                         net (fo=0)                   0.000     0.000    clk
    E3                   IBUF (Prop_ibuf_I_O)         0.438     0.438 r  clk_IBUF_inst/O
                         net (fo=1, routed)           0.699     1.136    clk_IBUF
    BUFGCTRL_X0Y16       BUFG (Prop_bufg_I_O)         0.029     1.165 r  clk_IBUF_BUFG_inst/O
                         net (fo=47, routed)          0.875     2.040    u_fsm/FSM_sequential_state_reg[0]_0
    SLICE_X0Y89          FDCE                                         r  u_fsm/FSM_sequential_state_reg[1]/C
                         clock pessimism             -0.518     1.521    
    SLICE_X0Y89          FDCE (Hold_fdce_C_D)         0.091     1.612    u_fsm/FSM_sequential_state_reg[1]
  -------------------------------------------------------------------
                         required time                         -1.612    
                         arrival time                           1.875    
  -------------------------------------------------------------------
                         slack                                  0.263    

Slack (MET) :             0.280ns  (arrival time - required time)
  Source:                 u_clk_div/clk_1khz_reg/C
                            (rising edge-triggered cell FDCE clocked by sys_clk_pin  {rise@0.000ns fall@5.000ns period=10.000ns})
  Destination:            u_clk_div/clk_1khz_reg/D
                            (rising edge-triggered cell FDCE clocked by sys_clk_pin  {rise@0.000ns fall@5.000ns period=10.000ns})
  Path Group:             sys_clk_pin
  Path Type:              Hold (Min at Fast Process Corner)
  Requirement:            0.000ns  (sys_clk_pin rise@0.000ns - sys_clk_pin rise@0.000ns)
  Data Path Delay:        0.371ns  (logic 0.186ns (50.162%)  route 0.185ns (49.838%))
  Logic Levels:           1  (LUT5=1)
  Clock Path Skew:        0.000ns (DCD - SCD - CPR)
    Destination Clock Delay (DCD):    2.040ns
    Source Clock Delay      (SCD):    1.521ns
    Clock Pessimism Removal (CPR):    0.518ns

    Location             Delay type                Incr(ns)  Path(ns)    Netlist Resource(s)
  -------------------------------------------------------------------    -------------------
                         (clock sys_clk_pin rise edge)
                                                      0.000     0.000 r  
    E3                                                0.000     0.000 r  clk (IN)
                         net (fo=0)                   0.000     0.000    clk
    E3                   IBUF (Prop_ibuf_I_O)         0.250     0.250 r  clk_IBUF_inst/O
                         net (fo=1, routed)           0.644     0.894    clk_IBUF
    BUFGCTRL_X0Y16       BUFG (Prop_bufg_I_O)         0.026     0.920 r  clk_IBUF_BUFG_inst/O
                         net (fo=47, routed)          0.602     1.521    u_clk_div/clk_1hz_reg_0
    SLICE_X0Y88          FDCE                                         r  u_clk_div/clk_1khz_reg/C
  -------------------------------------------------------------------    -------------------
    SLICE_X0Y88          FDCE (Prop_fdce_C_Q)         0.141     1.662 r  u_clk_div/clk_1khz_reg/Q
                         net (fo=3, routed)           0.185     1.847    u_clk_div/CLK
    SLICE_X0Y88          LUT5 (Prop_lut5_I4_O)        0.045     1.892 r  u_clk_div/clk_1khz_i_1/O
                         net (fo=1, routed)           0.000     1.892    u_clk_div/clk_1khz_i_1_n_0
    SLICE_X0Y88          FDCE                                         r  u_clk_div/clk_1khz_reg/D
  -------------------------------------------------------------------    -------------------

                         (clock sys_clk_pin rise edge)
                                                      0.000     0.000 r  
    E3                                                0.000     0.000 r  clk (IN)
                         net (fo=0)                   0.000     0.000    clk
    E3                   IBUF (Prop_ibuf_I_O)         0.438     0.438 r  clk_IBUF_inst/O
                         net (fo=1, routed)           0.699     1.136    clk_IBUF
    BUFGCTRL_X0Y16       BUFG (Prop_bufg_I_O)         0.029     1.165 r  clk_IBUF_BUFG_inst/O
                         net (fo=47, routed)          0.875     2.040    u_clk_div/clk_1hz_reg_0
    SLICE_X0Y88          FDCE                                         r  u_clk_div/clk_1khz_reg/C
                         clock pessimism             -0.518     1.521    
    SLICE_X0Y88          FDCE (Hold_fdce_C_D)         0.091     1.612    u_clk_div/clk_1khz_reg
  -------------------------------------------------------------------
                         required time                         -1.612    
                         arrival time                           1.892    
  -------------------------------------------------------------------
                         slack                                  0.280    

Slack (MET) :             0.291ns  (arrival time - required time)
  Source:                 u_fsm/FSM_sequential_state_reg[1]/C
                            (rising edge-triggered cell FDCE clocked by sys_clk_pin  {rise@0.000ns fall@5.000ns period=10.000ns})
  Destination:            u_fsm/FSM_sequential_state_reg[0]/D
                            (rising edge-triggered cell FDCE clocked by sys_clk_pin  {rise@0.000ns fall@5.000ns period=10.000ns})
  Path Group:             sys_clk_pin
  Path Type:              Hold (Min at Fast Process Corner)
  Requirement:            0.000ns  (sys_clk_pin rise@0.000ns - sys_clk_pin rise@0.000ns)
  Data Path Delay:        0.383ns  (logic 0.186ns (48.549%)  route 0.197ns (51.451%))
  Logic Levels:           1  (LUT6=1)
  Clock Path Skew:        0.000ns (DCD - SCD - CPR)
    Destination Clock Delay (DCD):    2.040ns
    Source Clock Delay      (SCD):    1.521ns
    Clock Pessimism Removal (CPR):    0.518ns

    Location             Delay type                Incr(ns)  Path(ns)    Netlist Resource(s)
  -------------------------------------------------------------------    -------------------
                         (clock sys_clk_pin rise edge)
                                                      0.000     0.000 r  
    E3                                                0.000     0.000 r  clk (IN)
                         net (fo=0)                   0.000     0.000    clk
    E3                   IBUF (Prop_ibuf_I_O)         0.250     0.250 r  clk_IBUF_inst/O
                         net (fo=1, routed)           0.644     0.894    clk_IBUF
    BUFGCTRL_X0Y16       BUFG (Prop_bufg_I_O)         0.026     0.920 r  clk_IBUF_BUFG_inst/O
                         net (fo=47, routed)          0.602     1.521    u_fsm/FSM_sequential_state_reg[0]_0
    SLICE_X0Y89          FDCE                                         r  u_fsm/FSM_sequential_state_reg[1]/C
  -------------------------------------------------------------------    -------------------
    SLICE_X0Y89          FDCE (Prop_fdce_C_Q)         0.141     1.662 r  u_fsm/FSM_sequential_state_reg[1]/Q
                         net (fo=14, routed)          0.197     1.859    u_fsm/state[0]
    SLICE_X0Y89          LUT6 (Prop_lut6_I5_O)        0.045     1.904 r  u_fsm/FSM_sequential_state[0]_i_1/O
                         net (fo=1, routed)           0.000     1.904    u_fsm/FSM_sequential_state[0]_i_1_n_0
    SLICE_X0Y89          FDCE                                         r  u_fsm/FSM_sequential_state_reg[0]/D
  -------------------------------------------------------------------    -------------------

                         (clock sys_clk_pin rise edge)
                                                      0.000     0.000 r  
    E3                                                0.000     0.000 r  clk (IN)
                         net (fo=0)                   0.000     0.000    clk
    E3                   IBUF (Prop_ibuf_I_O)         0.438     0.438 r  clk_IBUF_inst/O
                         net (fo=1, routed)           0.699     1.136    clk_IBUF
    BUFGCTRL_X0Y16       BUFG (Prop_bufg_I_O)         0.029     1.165 r  clk_IBUF_BUFG_inst/O
                         net (fo=47, routed)          0.875     2.040    u_fsm/FSM_sequential_state_reg[0]_0
    SLICE_X0Y89          FDCE                                         r  u_fsm/FSM_sequential_state_reg[0]/C
                         clock pessimism             -0.518     1.521    
    SLICE_X0Y89          FDCE (Hold_fdce_C_D)         0.092     1.613    u_fsm/FSM_sequential_state_reg[0]
  -------------------------------------------------------------------
                         required time                         -1.613    
                         arrival time                           1.904    
  -------------------------------------------------------------------
                         slack                                  0.291    

Slack (MET) :             0.349ns  (arrival time - required time)
  Source:                 u_clk_div/cnt_1hz_reg[0]/C
                            (rising edge-triggered cell FDCE clocked by sys_clk_pin  {rise@0.000ns fall@5.000ns period=10.000ns})
  Destination:            u_clk_div/cnt_1hz_reg[0]/D
                            (rising edge-triggered cell FDCE clocked by sys_clk_pin  {rise@0.000ns fall@5.000ns period=10.000ns})
  Path Group:             sys_clk_pin
  Path Type:              Hold (Min at Fast Process Corner)
  Requirement:            0.000ns  (sys_clk_pin rise@0.000ns - sys_clk_pin rise@0.000ns)
  Data Path Delay:        0.441ns  (logic 0.186ns (42.209%)  route 0.255ns (57.791%))
  Logic Levels:           1  (LUT1=1)
  Clock Path Skew:        0.000ns (DCD - SCD - CPR)
    Destination Clock Delay (DCD):    2.034ns
    Source Clock Delay      (SCD):    1.518ns
    Clock Pessimism Removal (CPR):    0.515ns

    Location             Delay type                Incr(ns)  Path(ns)    Netlist Resource(s)
  -------------------------------------------------------------------    -------------------
                         (clock sys_clk_pin rise edge)
                                                      0.000     0.000 r  
    E3                                                0.000     0.000 r  clk (IN)
                         net (fo=0)                   0.000     0.000    clk
    E3                   IBUF (Prop_ibuf_I_O)         0.250     0.250 r  clk_IBUF_inst/O
                         net (fo=1, routed)           0.644     0.894    clk_IBUF
    BUFGCTRL_X0Y16       BUFG (Prop_bufg_I_O)         0.026     0.920 r  clk_IBUF_BUFG_inst/O
                         net (fo=47, routed)          0.599     1.518    u_clk_div/clk_1hz_reg_0
    SLICE_X4Y86          FDCE                                         r  u_clk_div/cnt_1hz_reg[0]/C
  -------------------------------------------------------------------    -------------------
    SLICE_X4Y86          FDCE (Prop_fdce_C_Q)         0.141     1.659 f  u_clk_div/cnt_1hz_reg[0]/Q
                         net (fo=3, routed)           0.255     1.914    u_clk_div/cnt_1hz[0]
    SLICE_X4Y86          LUT1 (Prop_lut1_I0_O)        0.045     1.959 r  u_clk_div/cnt_1hz[0]_i_1/O
                         net (fo=1, routed)           0.000     1.959    u_clk_div/cnt_1hz_1[0]
    SLICE_X4Y86          FDCE                                         r  u_clk_div/cnt_1hz_reg[0]/D
  -------------------------------------------------------------------    -------------------

                         (clock sys_clk_pin rise edge)
                                                      0.000     0.000 r  
    E3                                                0.000     0.000 r  clk (IN)
                         net (fo=0)                   0.000     0.000    clk
    E3                   IBUF (Prop_ibuf_I_O)         0.438     0.438 r  clk_IBUF_inst/O
                         net (fo=1, routed)           0.699     1.136    clk_IBUF
    BUFGCTRL_X0Y16       BUFG (Prop_bufg_I_O)         0.029     1.165 r  clk_IBUF_BUFG_inst/O
                         net (fo=47, routed)          0.869     2.034    u_clk_div/clk_1hz_reg_0
    SLICE_X4Y86          FDCE                                         r  u_clk_div/cnt_1hz_reg[0]/C
                         clock pessimism             -0.515     1.518    
    SLICE_X4Y86          FDCE (Hold_fdce_C_D)         0.092     1.610    u_clk_div/cnt_1hz_reg[0]
  -------------------------------------------------------------------
                         required time                         -1.610    
                         arrival time                           1.959    
  -------------------------------------------------------------------
                         slack                                  0.349    

Slack (MET) :             0.389ns  (arrival time - required time)
  Source:                 u_clk_div/cnt_1khz_reg[11]/C
                            (rising edge-triggered cell FDCE clocked by sys_clk_pin  {rise@0.000ns fall@5.000ns period=10.000ns})
  Destination:            u_clk_div/cnt_1khz_reg[15]/D
                            (rising edge-triggered cell FDCE clocked by sys_clk_pin  {rise@0.000ns fall@5.000ns period=10.000ns})
  Path Group:             sys_clk_pin
  Path Type:              Hold (Min at Fast Process Corner)
  Requirement:            0.000ns  (sys_clk_pin rise@0.000ns - sys_clk_pin rise@0.000ns)
  Data Path Delay:        0.526ns  (logic 0.231ns (43.886%)  route 0.295ns (56.114%))
  Logic Levels:           2  (LUT4=1 LUT5=1)
  Clock Path Skew:        0.017ns (DCD - SCD - CPR)
    Destination Clock Delay (DCD):    2.040ns
    Source Clock Delay      (SCD):    1.520ns
    Clock Pessimism Removal (CPR):    0.502ns

    Location             Delay type                Incr(ns)  Path(ns)    Netlist Resource(s)
  -------------------------------------------------------------------    -------------------
                         (clock sys_clk_pin rise edge)
                                                      0.000     0.000 r  
    E3                                                0.000     0.000 r  clk (IN)
                         net (fo=0)                   0.000     0.000    clk
    E3                   IBUF (Prop_ibuf_I_O)         0.250     0.250 r  clk_IBUF_inst/O
                         net (fo=1, routed)           0.644     0.894    clk_IBUF
    BUFGCTRL_X0Y16       BUFG (Prop_bufg_I_O)         0.026     0.920 r  clk_IBUF_BUFG_inst/O
                         net (fo=47, routed)          0.601     1.520    u_clk_div/clk_1hz_reg_0
    SLICE_X0Y87          FDCE                                         r  u_clk_div/cnt_1khz_reg[11]/C
  -------------------------------------------------------------------    -------------------
    SLICE_X0Y87          FDCE (Prop_fdce_C_Q)         0.141     1.661 r  u_clk_div/cnt_1khz_reg[11]/Q
                         net (fo=2, routed)           0.128     1.790    u_clk_div/cnt_1khz[11]
    SLICE_X0Y88          LUT4 (Prop_lut4_I1_O)        0.045     1.835 r  u_clk_div/cnt_1khz[16]_i_4/O
                         net (fo=17, routed)          0.167     2.002    u_clk_div/cnt_1khz[16]_i_4_n_0
    SLICE_X2Y88          LUT5 (Prop_lut5_I2_O)        0.045     2.047 r  u_clk_div/cnt_1khz[15]_i_1/O
                         net (fo=1, routed)           0.000     2.047    u_clk_div/cnt_1khz_0[15]
    SLICE_X2Y88          FDCE                                         r  u_clk_div/cnt_1khz_reg[15]/D
  -------------------------------------------------------------------    -------------------

                         (clock sys_clk_pin rise edge)
                                                      0.000     0.000 r  
    E3                                                0.000     0.000 r  clk (IN)
                         net (fo=0)                   0.000     0.000    clk
    E3                   IBUF (Prop_ibuf_I_O)         0.438     0.438 r  clk_IBUF_inst/O
                         net (fo=1, routed)           0.699     1.136    clk_IBUF
    BUFGCTRL_X0Y16       BUFG (Prop_bufg_I_O)         0.029     1.165 r  clk_IBUF_BUFG_inst/O
                         net (fo=47, routed)          0.875     2.040    u_clk_div/clk_1hz_reg_0
    SLICE_X2Y88          FDCE                                         r  u_clk_div/cnt_1khz_reg[15]/C
                         clock pessimism             -0.502     1.537    
    SLICE_X2Y88          FDCE (Hold_fdce_C_D)         0.120     1.657    u_clk_div/cnt_1khz_reg[15]
  -------------------------------------------------------------------
                         required time                         -1.657    
                         arrival time                           2.047    
  -------------------------------------------------------------------
                         slack                                  0.389    

Slack (MET) :             0.407ns  (arrival time - required time)
  Source:                 u_clk_div/cnt_1khz_reg[11]/C
                            (rising edge-triggered cell FDCE clocked by sys_clk_pin  {rise@0.000ns fall@5.000ns period=10.000ns})
  Destination:            u_clk_div/cnt_1khz_reg[14]/D
                            (rising edge-triggered cell FDCE clocked by sys_clk_pin  {rise@0.000ns fall@5.000ns period=10.000ns})
  Path Group:             sys_clk_pin
  Path Type:              Hold (Min at Fast Process Corner)
  Requirement:            0.000ns  (sys_clk_pin rise@0.000ns - sys_clk_pin rise@0.000ns)
  Data Path Delay:        0.516ns  (logic 0.231ns (44.777%)  route 0.285ns (55.223%))
  Logic Levels:           2  (LUT4=1 LUT5=1)
  Clock Path Skew:        0.017ns (DCD - SCD - CPR)
    Destination Clock Delay (DCD):    2.040ns
    Source Clock Delay      (SCD):    1.520ns
    Clock Pessimism Removal (CPR):    0.502ns

    Location             Delay type                Incr(ns)  Path(ns)    Netlist Resource(s)
  -------------------------------------------------------------------    -------------------
                         (clock sys_clk_pin rise edge)
                                                      0.000     0.000 r  
    E3                                                0.000     0.000 r  clk (IN)
                         net (fo=0)                   0.000     0.000    clk
    E3                   IBUF (Prop_ibuf_I_O)         0.250     0.250 r  clk_IBUF_inst/O
                         net (fo=1, routed)           0.644     0.894    clk_IBUF
    BUFGCTRL_X0Y16       BUFG (Prop_bufg_I_O)         0.026     0.920 r  clk_IBUF_BUFG_inst/O
                         net (fo=47, routed)          0.601     1.520    u_clk_div/clk_1hz_reg_0
    SLICE_X0Y87          FDCE                                         r  u_clk_div/cnt_1khz_reg[11]/C
  -------------------------------------------------------------------    -------------------
    SLICE_X0Y87          FDCE (Prop_fdce_C_Q)         0.141     1.661 r  u_clk_div/cnt_1khz_reg[11]/Q
                         net (fo=2, routed)           0.128     1.790    u_clk_div/cnt_1khz[11]
    SLICE_X0Y88          LUT4 (Prop_lut4_I1_O)        0.045     1.835 r  u_clk_div/cnt_1khz[16]_i_4/O
                         net (fo=17, routed)          0.156     1.991    u_clk_div/cnt_1khz[16]_i_4_n_0
    SLICE_X0Y88          LUT5 (Prop_lut5_I2_O)        0.045     2.036 r  u_clk_div/cnt_1khz[14]_i_1/O
                         net (fo=1, routed)           0.000     2.036    u_clk_div/cnt_1khz_0[14]
    SLICE_X0Y88          FDCE                                         r  u_clk_div/cnt_1khz_reg[14]/D
  -------------------------------------------------------------------    -------------------

                         (clock sys_clk_pin rise edge)
                                                      0.000     0.000 r  
    E3                                                0.000     0.000 r  clk (IN)
                         net (fo=0)                   0.000     0.000    clk
    E3                   IBUF (Prop_ibuf_I_O)         0.438     0.438 r  clk_IBUF_inst/O
                         net (fo=1, routed)           0.699     1.136    clk_IBUF
    BUFGCTRL_X0Y16       BUFG (Prop_bufg_I_O)         0.029     1.165 r  clk_IBUF_BUFG_inst/O
                         net (fo=47, routed)          0.875     2.040    u_clk_div/clk_1hz_reg_0
    SLICE_X0Y88          FDCE                                         r  u_clk_div/cnt_1khz_reg[14]/C
                         clock pessimism             -0.502     1.537    
    SLICE_X0Y88          FDCE (Hold_fdce_C_D)         0.092     1.629    u_clk_div/cnt_1khz_reg[14]
  -------------------------------------------------------------------
                         required time                         -1.629    
                         arrival time                           2.036    
  -------------------------------------------------------------------
                         slack                                  0.407    

Slack (MET) :             0.437ns  (arrival time - required time)
  Source:                 u_clk_div/cnt_1khz_reg[0]/C
                            (rising edge-triggered cell FDCE clocked by sys_clk_pin  {rise@0.000ns fall@5.000ns period=10.000ns})
  Destination:            u_clk_div/cnt_1khz_reg[1]/D
                            (rising edge-triggered cell FDCE clocked by sys_clk_pin  {rise@0.000ns fall@5.000ns period=10.000ns})
  Path Group:             sys_clk_pin
  Path Type:              Hold (Min at Fast Process Corner)
  Requirement:            0.000ns  (sys_clk_pin rise@0.000ns - sys_clk_pin rise@0.000ns)
  Data Path Delay:        0.558ns  (logic 0.254ns (45.520%)  route 0.304ns (54.480%))
  Logic Levels:           2  (LUT5=2)
  Clock Path Skew:        0.000ns (DCD - SCD - CPR)
    Destination Clock Delay (DCD):    2.037ns
    Source Clock Delay      (SCD):    1.519ns
    Clock Pessimism Removal (CPR):    0.517ns

    Location             Delay type                Incr(ns)  Path(ns)    Netlist Resource(s)
  -------------------------------------------------------------------    -------------------
                         (clock sys_clk_pin rise edge)
                                                      0.000     0.000 r  
    E3                                                0.000     0.000 r  clk (IN)
                         net (fo=0)                   0.000     0.000    clk
    E3                   IBUF (Prop_ibuf_I_O)         0.250     0.250 r  clk_IBUF_inst/O
                         net (fo=1, routed)           0.644     0.894    clk_IBUF
    BUFGCTRL_X0Y16       BUFG (Prop_bufg_I_O)         0.026     0.920 r  clk_IBUF_BUFG_inst/O
                         net (fo=47, routed)          0.600     1.519    u_clk_div/clk_1hz_reg_0
    SLICE_X2Y85          FDCE                                         r  u_clk_div/cnt_1khz_reg[0]/C
  -------------------------------------------------------------------    -------------------
    SLICE_X2Y85          FDCE (Prop_fdce_C_Q)         0.164     1.683 f  u_clk_div/cnt_1khz_reg[0]/Q
                         net (fo=3, routed)           0.175     1.859    u_clk_div/cnt_1khz[0]
    SLICE_X2Y85          LUT5 (Prop_lut5_I0_O)        0.045     1.904 r  u_clk_div/cnt_1khz[16]_i_3/O
                         net (fo=17, routed)          0.129     2.032    u_clk_div/cnt_1khz[16]_i_3_n_0
    SLICE_X2Y85          LUT5 (Prop_lut5_I1_O)        0.045     2.077 r  u_clk_div/cnt_1khz[1]_i_1/O
                         net (fo=1, routed)           0.000     2.077    u_clk_div/cnt_1khz_0[1]
    SLICE_X2Y85          FDCE                                         r  u_clk_div/cnt_1khz_reg[1]/D
  -------------------------------------------------------------------    -------------------

                         (clock sys_clk_pin rise edge)
                                                      0.000     0.000 r  
    E3                                                0.000     0.000 r  clk (IN)
                         net (fo=0)                   0.000     0.000    clk
    E3                   IBUF (Prop_ibuf_I_O)         0.438     0.438 r  clk_IBUF_inst/O
                         net (fo=1, routed)           0.699     1.136    clk_IBUF
    BUFGCTRL_X0Y16       BUFG (Prop_bufg_I_O)         0.029     1.165 r  clk_IBUF_BUFG_inst/O
                         net (fo=47, routed)          0.872     2.037    u_clk_div/clk_1hz_reg_0
    SLICE_X2Y85          FDCE                                         r  u_clk_div/cnt_1khz_reg[1]/C
                         clock pessimism             -0.517     1.519    
    SLICE_X2Y85          FDCE (Hold_fdce_C_D)         0.121     1.640    u_clk_div/cnt_1khz_reg[1]
  -------------------------------------------------------------------
                         required time                         -1.640    
                         arrival time                           2.077    
  -------------------------------------------------------------------
                         slack                                  0.437    

Slack (MET) :             0.471ns  (arrival time - required time)
  Source:                 u_clk_div/cnt_1khz_reg[11]/C
                            (rising edge-triggered cell FDCE clocked by sys_clk_pin  {rise@0.000ns fall@5.000ns period=10.000ns})
  Destination:            u_clk_div/cnt_1khz_reg[16]/D
                            (rising edge-triggered cell FDCE clocked by sys_clk_pin  {rise@0.000ns fall@5.000ns period=10.000ns})
  Path Group:             sys_clk_pin
  Path Type:              Hold (Min at Fast Process Corner)
  Requirement:            0.000ns  (sys_clk_pin rise@0.000ns - sys_clk_pin rise@0.000ns)
  Data Path Delay:        0.609ns  (logic 0.231ns (37.908%)  route 0.378ns (62.092%))
  Logic Levels:           2  (LUT4=1 LUT5=1)
  Clock Path Skew:        0.017ns (DCD - SCD - CPR)
    Destination Clock Delay (DCD):    2.040ns
    Source Clock Delay      (SCD):    1.520ns
    Clock Pessimism Removal (CPR):    0.502ns

    Location             Delay type                Incr(ns)  Path(ns)    Netlist Resource(s)
  -------------------------------------------------------------------    -------------------
                         (clock sys_clk_pin rise edge)
                                                      0.000     0.000 r  
    E3                                                0.000     0.000 r  clk (IN)
                         net (fo=0)                   0.000     0.000    clk
    E3                   IBUF (Prop_ibuf_I_O)         0.250     0.250 r  clk_IBUF_inst/O
                         net (fo=1, routed)           0.644     0.894    clk_IBUF
    BUFGCTRL_X0Y16       BUFG (Prop_bufg_I_O)         0.026     0.920 r  clk_IBUF_BUFG_inst/O
                         net (fo=47, routed)          0.601     1.520    u_clk_div/clk_1hz_reg_0
    SLICE_X0Y87          FDCE                                         r  u_clk_div/cnt_1khz_reg[11]/C
  -------------------------------------------------------------------    -------------------
    SLICE_X0Y87          FDCE (Prop_fdce_C_Q)         0.141     1.661 r  u_clk_div/cnt_1khz_reg[11]/Q
                         net (fo=2, routed)           0.128     1.790    u_clk_div/cnt_1khz[11]
    SLICE_X0Y88          LUT4 (Prop_lut4_I1_O)        0.045     1.835 r  u_clk_div/cnt_1khz[16]_i_4/O
                         net (fo=17, routed)          0.250     2.085    u_clk_div/cnt_1khz[16]_i_4_n_0
    SLICE_X2Y88          LUT5 (Prop_lut5_I2_O)        0.045     2.130 r  u_clk_div/cnt_1khz[16]_i_1/O
                         net (fo=1, routed)           0.000     2.130    u_clk_div/cnt_1khz_0[16]
    SLICE_X2Y88          FDCE                                         r  u_clk_div/cnt_1khz_reg[16]/D
  -------------------------------------------------------------------    -------------------

                         (clock sys_clk_pin rise edge)
                                                      0.000     0.000 r  
    E3                                                0.000     0.000 r  clk (IN)
                         net (fo=0)                   0.000     0.000    clk
    E3                   IBUF (Prop_ibuf_I_O)         0.438     0.438 r  clk_IBUF_inst/O
                         net (fo=1, routed)           0.699     1.136    clk_IBUF
    BUFGCTRL_X0Y16       BUFG (Prop_bufg_I_O)         0.029     1.165 r  clk_IBUF_BUFG_inst/O
                         net (fo=47, routed)          0.875     2.040    u_clk_div/clk_1hz_reg_0
    SLICE_X2Y88          FDCE                                         r  u_clk_div/cnt_1khz_reg[16]/C
                         clock pessimism             -0.502     1.537    
    SLICE_X2Y88          FDCE (Hold_fdce_C_D)         0.121     1.658    u_clk_div/cnt_1khz_reg[16]
  -------------------------------------------------------------------
                         required time                         -1.658    
                         arrival time                           2.130    
  -------------------------------------------------------------------
                         slack                                  0.471    

Slack (MET) :             0.474ns  (arrival time - required time)
  Source:                 u_clk_div/cnt_1khz_reg[6]/C
                            (rising edge-triggered cell FDCE clocked by sys_clk_pin  {rise@0.000ns fall@5.000ns period=10.000ns})
  Destination:            u_clk_div/cnt_1khz_reg[7]/D
                            (rising edge-triggered cell FDCE clocked by sys_clk_pin  {rise@0.000ns fall@5.000ns period=10.000ns})
  Path Group:             sys_clk_pin
  Path Type:              Hold (Min at Fast Process Corner)
  Requirement:            0.000ns  (sys_clk_pin rise@0.000ns - sys_clk_pin rise@0.000ns)
  Data Path Delay:        0.566ns  (logic 0.231ns (40.796%)  route 0.335ns (59.204%))
  Logic Levels:           2  (LUT4=1 LUT5=1)
  Clock Path Skew:        0.000ns (DCD - SCD - CPR)
    Destination Clock Delay (DCD):    2.037ns
    Source Clock Delay      (SCD):    1.519ns
    Clock Pessimism Removal (CPR):    0.517ns

    Location             Delay type                Incr(ns)  Path(ns)    Netlist Resource(s)
  -------------------------------------------------------------------    -------------------
                         (clock sys_clk_pin rise edge)
                                                      0.000     0.000 r  
    E3                                                0.000     0.000 r  clk (IN)
                         net (fo=0)                   0.000     0.000    clk
    E3                   IBUF (Prop_ibuf_I_O)         0.250     0.250 r  clk_IBUF_inst/O
                         net (fo=1, routed)           0.644     0.894    clk_IBUF
    BUFGCTRL_X0Y16       BUFG (Prop_bufg_I_O)         0.026     0.920 r  clk_IBUF_BUFG_inst/O
                         net (fo=47, routed)          0.600     1.519    u_clk_div/clk_1hz_reg_0
    SLICE_X0Y86          FDCE                                         r  u_clk_div/cnt_1khz_reg[6]/C
  -------------------------------------------------------------------    -------------------
    SLICE_X0Y86          FDCE (Prop_fdce_C_Q)         0.141     1.660 f  u_clk_div/cnt_1khz_reg[6]/Q
                         net (fo=2, routed)           0.213     1.873    u_clk_div/cnt_1khz[6]
    SLICE_X0Y86          LUT4 (Prop_lut4_I2_O)        0.045     1.918 r  u_clk_div/cnt_1khz[16]_i_2/O
                         net (fo=17, routed)          0.122     2.041    u_clk_div/cnt_1khz[16]_i_2_n_0
    SLICE_X0Y86          LUT5 (Prop_lut5_I0_O)        0.045     2.086 r  u_clk_div/cnt_1khz[7]_i_1/O
                         net (fo=1, routed)           0.000     2.086    u_clk_div/cnt_1khz_0[7]
    SLICE_X0Y86          FDCE                                         r  u_clk_div/cnt_1khz_reg[7]/D
  -------------------------------------------------------------------    -------------------

                         (clock sys_clk_pin rise edge)
                                                      0.000     0.000 r  
    E3                                                0.000     0.000 r  clk (IN)
                         net (fo=0)                   0.000     0.000    clk
    E3                   IBUF (Prop_ibuf_I_O)         0.438     0.438 r  clk_IBUF_inst/O
                         net (fo=1, routed)           0.699     1.136    clk_IBUF
    BUFGCTRL_X0Y16       BUFG (Prop_bufg_I_O)         0.029     1.165 r  clk_IBUF_BUFG_inst/O
                         net (fo=47, routed)          0.872     2.037    u_clk_div/clk_1hz_reg_0
    SLICE_X0Y86          FDCE                                         r  u_clk_div/cnt_1khz_reg[7]/C
                         clock pessimism             -0.517     1.519    
    SLICE_X0Y86          FDCE (Hold_fdce_C_D)         0.092     1.611    u_clk_div/cnt_1khz_reg[7]
  -------------------------------------------------------------------
                         required time                         -1.611    
                         arrival time                           2.086    
  -------------------------------------------------------------------
                         slack                                  0.474    





Pulse Width Checks
--------------------------------------------------------------------------------------
Clock Name:         sys_clk_pin
Waveform(ns):       { 0.000 5.000 }
Period(ns):         10.000
Sources:            { clk }

Check Type        Corner  Lib Pin  Reference Pin  Required(ns)  Actual(ns)  Slack(ns)  Location        Pin
Min Period        n/a     BUFG/I   n/a            2.155         10.000      7.845      BUFGCTRL_X0Y16  clk_IBUF_BUFG_inst/I
Min Period        n/a     FDCE/C   n/a            1.000         10.000      9.000      SLICE_X4Y85     u_clk_div/clk_1hz_reg/C
Min Period        n/a     FDCE/C   n/a            1.000         10.000      9.000      SLICE_X0Y88     u_clk_div/clk_1khz_reg/C
Min Period        n/a     FDCE/C   n/a            1.000         10.000      9.000      SLICE_X4Y86     u_clk_div/cnt_1hz_reg[0]/C
Min Period        n/a     FDCE/C   n/a            1.000         10.000      9.000      SLICE_X4Y87     u_clk_div/cnt_1hz_reg[10]/C
Min Period        n/a     FDCE/C   n/a            1.000         10.000      9.000      SLICE_X4Y87     u_clk_div/cnt_1hz_reg[11]/C
Min Period        n/a     FDCE/C   n/a            1.000         10.000      9.000      SLICE_X4Y87     u_clk_div/cnt_1hz_reg[12]/C
Min Period        n/a     FDCE/C   n/a            1.000         10.000      9.000      SLICE_X4Y87     u_clk_div/cnt_1hz_reg[13]/C
Min Period        n/a     FDCE/C   n/a            1.000         10.000      9.000      SLICE_X4Y88     u_clk_div/cnt_1hz_reg[14]/C
Min Period        n/a     FDCE/C   n/a            1.000         10.000      9.000      SLICE_X4Y88     u_clk_div/cnt_1hz_reg[15]/C
Low Pulse Width   Slow    FDCE/C   n/a            0.500         5.000       4.500      SLICE_X4Y85     u_clk_div/clk_1hz_reg/C
Low Pulse Width   Fast    FDCE/C   n/a            0.500         5.000       4.500      SLICE_X4Y85     u_clk_div/clk_1hz_reg/C
Low Pulse Width   Slow    FDCE/C   n/a            0.500         5.000       4.500      SLICE_X0Y88     u_clk_div/clk_1khz_reg/C
Low Pulse Width   Fast    FDCE/C   n/a            0.500         5.000       4.500      SLICE_X0Y88     u_clk_div/clk_1khz_reg/C
Low Pulse Width   Slow    FDCE/C   n/a            0.500         5.000       4.500      SLICE_X4Y86     u_clk_div/cnt_1hz_reg[0]/C
Low Pulse Width   Fast    FDCE/C   n/a            0.500         5.000       4.500      SLICE_X4Y86     u_clk_div/cnt_1hz_reg[0]/C
Low Pulse Width   Slow    FDCE/C   n/a            0.500         5.000       4.500      SLICE_X4Y87     u_clk_div/cnt_1hz_reg[10]/C
Low Pulse Width   Fast    FDCE/C   n/a            0.500         5.000       4.500      SLICE_X4Y87     u_clk_div/cnt_1hz_reg[10]/C
Low Pulse Width   Slow    FDCE/C   n/a            0.500         5.000       4.500      SLICE_X4Y87     u_clk_div/cnt_1hz_reg[11]/C
Low Pulse Width   Fast    FDCE/C   n/a            0.500         5.000       4.500      SLICE_X4Y87     u_clk_div/cnt_1hz_reg[11]/C
High Pulse Width  Slow    FDCE/C   n/a            0.500         5.000       4.500      SLICE_X4Y85     u_clk_div/clk_1hz_reg/C
High Pulse Width  Fast    FDCE/C   n/a            0.500         5.000       4.500      SLICE_X4Y85     u_clk_div/clk_1hz_reg/C
High Pulse Width  Slow    FDCE/C   n/a            0.500         5.000       4.500      SLICE_X0Y88     u_clk_div/clk_1khz_reg/C
High Pulse Width  Fast    FDCE/C   n/a            0.500         5.000       4.500      SLICE_X0Y88     u_clk_div/clk_1khz_reg/C
High Pulse Width  Slow    FDCE/C   n/a            0.500         5.000       4.500      SLICE_X4Y86     u_clk_div/cnt_1hz_reg[0]/C
High Pulse Width  Fast    FDCE/C   n/a            0.500         5.000       4.500      SLICE_X4Y86     u_clk_div/cnt_1hz_reg[0]/C
High Pulse Width  Slow    FDCE/C   n/a            0.500         5.000       4.500      SLICE_X4Y87     u_clk_div/cnt_1hz_reg[10]/C
High Pulse Width  Fast    FDCE/C   n/a            0.500         5.000       4.500      SLICE_X4Y87     u_clk_div/cnt_1hz_reg[10]/C
High Pulse Width  Slow    FDCE/C   n/a            0.500         5.000       4.500      SLICE_X4Y87     u_clk_div/cnt_1hz_reg[11]/C
High Pulse Width  Fast    FDCE/C   n/a            0.500         5.000       4.500      SLICE_X4Y87     u_clk_div/cnt_1hz_reg[11]/C



--------------------------------------------------------------------------------------
Path Group:  (none)
From Clock:  
  To Clock:  

Max Delay            15 Endpoints
Min Delay            15 Endpoints
--------------------------------------------------------------------------------------


Max Delay Paths
--------------------------------------------------------------------------------------
Slack:                    inf
  Source:                 u_seg7/digit_sel_reg[0]/C
                            (rising edge-triggered cell FDCE)
  Destination:            seg[6]
                            (output port)
  Path Group:             (none)
  Path Type:              Max at Slow Process Corner
  Data Path Delay:        8.406ns  (logic 4.389ns (52.214%)  route 4.017ns (47.786%))
  Logic Levels:           3  (FDCE=1 LUT4=1 OBUF=1)

    Location             Delay type                Incr(ns)  Path(ns)    Netlist Resource(s)
  -------------------------------------------------------------------    -------------------
    SLICE_X0Y90          FDCE                         0.000     0.000 r  u_seg7/digit_sel_reg[0]/C
    SLICE_X0Y90          FDCE (Prop_fdce_C_Q)         0.456     0.456 r  u_seg7/digit_sel_reg[0]/Q
                         net (fo=13, routed)          1.093     1.549    u_seg7/digit_sel[0]
    SLICE_X0Y85          LUT4 (Prop_lut4_I0_O)        0.153     1.702 r  u_seg7/seg_OBUF[6]_inst_i_1/O
                         net (fo=1, routed)           2.924     4.626    seg_OBUF[6]
    T10                  OBUF (Prop_obuf_I_O)         3.780     8.406 r  seg_OBUF[6]_inst/O
                         net (fo=0)                   0.000     8.406    seg[6]
    T10                                                               r  seg[6] (OUT)
  -------------------------------------------------------------------    -------------------

Slack:                    inf
  Source:                 u_seg7/digit_sel_reg[1]/C
                            (rising edge-triggered cell FDCE)
  Destination:            seg[5]
                            (output port)
  Path Group:             (none)
  Path Type:              Max at Slow Process Corner
  Data Path Delay:        8.207ns  (logic 4.368ns (53.230%)  route 3.838ns (46.770%))
  Logic Levels:           3  (FDCE=1 LUT4=1 OBUF=1)

    Location             Delay type                Incr(ns)  Path(ns)    Netlist Resource(s)
  -------------------------------------------------------------------    -------------------
    SLICE_X0Y90          FDCE                         0.000     0.000 r  u_seg7/digit_sel_reg[1]/C
    SLICE_X0Y90          FDCE (Prop_fdce_C_Q)         0.456     0.456 r  u_seg7/digit_sel_reg[1]/Q
                         net (fo=12, routed)          0.862     1.318    u_seg7/digit_sel[1]
    SLICE_X0Y89          LUT4 (Prop_lut4_I0_O)        0.149     1.467 r  u_seg7/seg_OBUF[5]_inst_i_1/O
                         net (fo=1, routed)           2.976     4.443    seg_OBUF[5]
    R10                  OBUF (Prop_obuf_I_O)         3.763     8.207 r  seg_OBUF[5]_inst/O
                         net (fo=0)                   0.000     8.207    seg[5]
    R10                                                               r  seg[5] (OUT)
  -------------------------------------------------------------------    -------------------

Slack:                    inf
  Source:                 u_seg7/digit_sel_reg[1]/C
                            (rising edge-triggered cell FDCE)
  Destination:            an[2]
                            (output port)
  Path Group:             (none)
  Path Type:              Max at Slow Process Corner
  Data Path Delay:        7.941ns  (logic 4.154ns (52.313%)  route 3.787ns (47.687%))
  Logic Levels:           3  (FDCE=1 LUT2=1 OBUF=1)

    Location             Delay type                Incr(ns)  Path(ns)    Netlist Resource(s)
  -------------------------------------------------------------------    -------------------
    SLICE_X0Y90          FDCE                         0.000     0.000 r  u_seg7/digit_sel_reg[1]/C
    SLICE_X0Y90          FDCE (Prop_fdce_C_Q)         0.456     0.456 f  u_seg7/digit_sel_reg[1]/Q
                         net (fo=12, routed)          0.861     1.317    u_seg7/digit_sel[1]
    SLICE_X0Y89          LUT2 (Prop_lut2_I1_O)        0.124     1.441 r  u_seg7/an_OBUF[2]_inst_i_1/O
                         net (fo=1, routed)           2.926     4.367    an_OBUF[2]
    T9                   OBUF (Prop_obuf_I_O)         3.574     7.941 r  an_OBUF[2]_inst/O
                         net (fo=0)                   0.000     7.941    an[2]
    T9                                                                r  an[2] (OUT)
  -------------------------------------------------------------------    -------------------

Slack:                    inf
  Source:                 u_seg7/digit_sel_reg[1]/C
                            (rising edge-triggered cell FDCE)
  Destination:            an[3]
                            (output port)
  Path Group:             (none)
  Path Type:              Max at Slow Process Corner
  Data Path Delay:        7.672ns  (logic 4.365ns (56.893%)  route 3.307ns (43.107%))
  Logic Levels:           3  (FDCE=1 LUT2=1 OBUF=1)

    Location             Delay type                Incr(ns)  Path(ns)    Netlist Resource(s)
  -------------------------------------------------------------------    -------------------
    SLICE_X0Y90          FDCE                         0.000     0.000 r  u_seg7/digit_sel_reg[1]/C
    SLICE_X0Y90          FDCE (Prop_fdce_C_Q)         0.456     0.456 f  u_seg7/digit_sel_reg[1]/Q
                         net (fo=12, routed)          0.861     1.317    u_seg7/digit_sel[1]
    SLICE_X0Y89          LUT2 (Prop_lut2_I0_O)        0.154     1.471 r  u_seg7/an_OBUF[3]_inst_i_1/O
                         net (fo=1, routed)           2.446     3.917    an_OBUF[3]
    J14                  OBUF (Prop_obuf_I_O)         3.755     7.672 r  an_OBUF[3]_inst/O
                         net (fo=0)                   0.000     7.672    an[3]
    J14                                                               r  an[3] (OUT)
  -------------------------------------------------------------------    -------------------

Slack:                    inf
  Source:                 u_seg7/digit_sel_reg[1]/C
                            (rising edge-triggered cell FDCE)
  Destination:            seg[3]
                            (output port)
  Path Group:             (none)
  Path Type:              Max at Slow Process Corner
  Data Path Delay:        7.663ns  (logic 4.130ns (53.896%)  route 3.533ns (46.104%))
  Logic Levels:           3  (FDCE=1 LUT4=1 OBUF=1)

    Location             Delay type                Incr(ns)  Path(ns)    Netlist Resource(s)
  -------------------------------------------------------------------    -------------------
    SLICE_X0Y90          FDCE                         0.000     0.000 r  u_seg7/digit_sel_reg[1]/C
    SLICE_X0Y90          FDCE (Prop_fdce_C_Q)         0.456     0.456 r  u_seg7/digit_sel_reg[1]/Q
                         net (fo=12, routed)          0.862     1.318    u_seg7/digit_sel[1]
    SLICE_X0Y89          LUT4 (Prop_lut4_I3_O)        0.124     1.442 r  u_seg7/seg_OBUF[3]_inst_i_1/O
                         net (fo=1, routed)           2.671     4.113    seg_OBUF[3]
    K13                  OBUF (Prop_obuf_I_O)         3.550     7.663 r  seg_OBUF[3]_inst/O
                         net (fo=0)                   0.000     7.663    seg[3]
    K13                                                               r  seg[3] (OUT)
  -------------------------------------------------------------------    -------------------

Slack:                    inf
  Source:                 u_seg7/digit_sel_reg[0]/C
                            (rising edge-triggered cell FDCE)
  Destination:            seg[1]
                            (output port)
  Path Group:             (none)
  Path Type:              Max at Slow Process Corner
  Data Path Delay:        7.558ns  (logic 4.141ns (54.786%)  route 3.417ns (45.214%))
  Logic Levels:           3  (FDCE=1 LUT4=1 OBUF=1)

    Location             Delay type                Incr(ns)  Path(ns)    Netlist Resource(s)
  -------------------------------------------------------------------    -------------------
    SLICE_X0Y90          FDCE                         0.000     0.000 r  u_seg7/digit_sel_reg[0]/C
    SLICE_X0Y90          FDCE (Prop_fdce_C_Q)         0.456     0.456 r  u_seg7/digit_sel_reg[0]/Q
                         net (fo=13, routed)          1.060     1.516    u_seg7/digit_sel[0]
    SLICE_X0Y85          LUT4 (Prop_lut4_I0_O)        0.124     1.640 r  u_seg7/seg_OBUF[1]_inst_i_1/O
                         net (fo=1, routed)           2.357     3.997    seg_OBUF[1]
    T11                  OBUF (Prop_obuf_I_O)         3.561     7.558 r  seg_OBUF[1]_inst/O
                         net (fo=0)                   0.000     7.558    seg[1]
    T11                                                               r  seg[1] (OUT)
  -------------------------------------------------------------------    -------------------

Slack:                    inf
  Source:                 u_seg7/digit_sel_reg[0]/C
                            (rising edge-triggered cell FDCE)
  Destination:            seg[2]
                            (output port)
  Path Group:             (none)
  Path Type:              Max at Slow Process Corner
  Data Path Delay:        7.334ns  (logic 4.114ns (56.090%)  route 3.220ns (43.910%))
  Logic Levels:           3  (FDCE=1 LUT4=1 OBUF=1)

    Location             Delay type                Incr(ns)  Path(ns)    Netlist Resource(s)
  -------------------------------------------------------------------    -------------------
    SLICE_X0Y90          FDCE                         0.000     0.000 r  u_seg7/digit_sel_reg[0]/C
    SLICE_X0Y90          FDCE (Prop_fdce_C_Q)         0.456     0.456 r  u_seg7/digit_sel_reg[0]/Q
                         net (fo=13, routed)          1.093     1.549    u_seg7/digit_sel[0]
    SLICE_X0Y85          LUT4 (Prop_lut4_I1_O)        0.124     1.673 r  u_seg7/seg_OBUF[2]_inst_i_1/O
                         net (fo=1, routed)           2.127     3.800    seg_OBUF[2]
    P15                  OBUF (Prop_obuf_I_O)         3.534     7.334 r  seg_OBUF[2]_inst/O
                         net (fo=0)                   0.000     7.334    seg[2]
    P15                                                               r  seg[2] (OUT)
  -------------------------------------------------------------------    -------------------

Slack:                    inf
  Source:                 u_seg7/digit_sel_reg[0]/C
                            (rising edge-triggered cell FDCE)
  Destination:            seg[0]
                            (output port)
  Path Group:             (none)
  Path Type:              Max at Slow Process Corner
  Data Path Delay:        7.286ns  (logic 4.353ns (59.749%)  route 2.933ns (40.251%))
  Logic Levels:           3  (FDCE=1 LUT4=1 OBUF=1)

    Location             Delay type                Incr(ns)  Path(ns)    Netlist Resource(s)
  -------------------------------------------------------------------    -------------------
    SLICE_X0Y90          FDCE                         0.000     0.000 r  u_seg7/digit_sel_reg[0]/C
    SLICE_X0Y90          FDCE (Prop_fdce_C_Q)         0.456     0.456 r  u_seg7/digit_sel_reg[0]/Q
                         net (fo=13, routed)          1.060     1.516    u_seg7/digit_sel[0]
    SLICE_X0Y85          LUT4 (Prop_lut4_I0_O)        0.152     1.668 r  u_seg7/seg_OBUF[0]_inst_i_1/O
                         net (fo=1, routed)           1.872     3.541    seg_OBUF[0]
    L18                  OBUF (Prop_obuf_I_O)         3.745     7.286 r  seg_OBUF[0]_inst/O
                         net (fo=0)                   0.000     7.286    seg[0]
    L18                                                               r  seg[0] (OUT)
  -------------------------------------------------------------------    -------------------

Slack:                    inf
  Source:                 u_seg7/digit_sel_reg[0]/C
                            (rising edge-triggered cell FDCE)
  Destination:            an[1]
                            (output port)
  Path Group:             (none)
  Path Type:              Max at Slow Process Corner
  Data Path Delay:        7.128ns  (logic 4.346ns (60.964%)  route 2.783ns (39.036%))
  Logic Levels:           3  (FDCE=1 LUT2=1 OBUF=1)

    Location             Delay type                Incr(ns)  Path(ns)    Netlist Resource(s)
  -------------------------------------------------------------------    -------------------
    SLICE_X0Y90          FDCE                         0.000     0.000 r  u_seg7/digit_sel_reg[0]/C
    SLICE_X0Y90          FDCE (Prop_fdce_C_Q)         0.456     0.456 f  u_seg7/digit_sel_reg[0]/Q
                         net (fo=13, routed)          0.705     1.161    u_seg7/digit_sel[0]
    SLICE_X0Y90          LUT2 (Prop_lut2_I1_O)        0.152     1.313 r  u_seg7/an_OBUF[1]_inst_i_1/O
                         net (fo=1, routed)           2.077     3.391    an_OBUF[1]
    J18                  OBUF (Prop_obuf_I_O)         3.738     7.128 r  an_OBUF[1]_inst/O
                         net (fo=0)                   0.000     7.128    an[1]
    J18                                                               r  an[1] (OUT)
  -------------------------------------------------------------------    -------------------

Slack:                    inf
  Source:                 u_seg7/digit_sel_reg[1]/C
                            (rising edge-triggered cell FDCE)
  Destination:            seg[4]
                            (output port)
  Path Group:             (none)
  Path Type:              Max at Slow Process Corner
  Data Path Delay:        6.990ns  (logic 4.073ns (58.269%)  route 2.917ns (41.731%))
  Logic Levels:           3  (FDCE=1 LUT4=1 OBUF=1)

    Location             Delay type                Incr(ns)  Path(ns)    Netlist Resource(s)
  -------------------------------------------------------------------    -------------------
    SLICE_X0Y90          FDCE                         0.000     0.000 r  u_seg7/digit_sel_reg[1]/C
    SLICE_X0Y90          FDCE (Prop_fdce_C_Q)         0.456     0.456 r  u_seg7/digit_sel_reg[1]/Q
                         net (fo=12, routed)          0.846     1.302    u_seg7/digit_sel[1]
    SLICE_X0Y90          LUT4 (Prop_lut4_I2_O)        0.124     1.426 r  u_seg7/seg_OBUF[4]_inst_i_1/O
                         net (fo=1, routed)           2.071     3.497    seg_OBUF[4]
    K16                  OBUF (Prop_obuf_I_O)         3.493     6.990 r  seg_OBUF[4]_inst/O
                         net (fo=0)                   0.000     6.990    seg[4]
    K16                                                               r  seg[4] (OUT)
  -------------------------------------------------------------------    -------------------





Min Delay Paths
--------------------------------------------------------------------------------------
Slack:                    inf
  Source:                 u_seg7/digit_sel_reg[0]/C
                            (rising edge-triggered cell FDCE)
  Destination:            u_seg7/digit_sel_reg[0]/D
  Path Group:             (none)
  Path Type:              Min at Fast Process Corner
  Data Path Delay:        0.458ns  (logic 0.186ns (40.621%)  route 0.272ns (59.379%))
  Logic Levels:           2  (FDCE=1 LUT1=1)

    Location             Delay type                Incr(ns)  Path(ns)    Netlist Resource(s)
  -------------------------------------------------------------------    -------------------
    SLICE_X0Y90          FDCE                         0.000     0.000 r  u_seg7/digit_sel_reg[0]/C
    SLICE_X0Y90          FDCE (Prop_fdce_C_Q)         0.141     0.141 f  u_seg7/digit_sel_reg[0]/Q
                         net (fo=13, routed)          0.272     0.413    u_seg7/digit_sel[0]
    SLICE_X0Y90          LUT1 (Prop_lut1_I0_O)        0.045     0.458 r  u_seg7/digit_sel[0]_i_1/O
                         net (fo=1, routed)           0.000     0.458    u_seg7/digit_sel[0]_i_1_n_0
    SLICE_X0Y90          FDCE                                         r  u_seg7/digit_sel_reg[0]/D
  -------------------------------------------------------------------    -------------------

Slack:                    inf
  Source:                 u_seg7/digit_sel_reg[0]/C
                            (rising edge-triggered cell FDCE)
  Destination:            u_seg7/digit_sel_reg[1]/D
  Path Group:             (none)
  Path Type:              Min at Fast Process Corner
  Data Path Delay:        0.579ns  (logic 0.183ns (31.629%)  route 0.396ns (68.371%))
  Logic Levels:           2  (FDCE=1 LUT2=1)

    Location             Delay type                Incr(ns)  Path(ns)    Netlist Resource(s)
  -------------------------------------------------------------------    -------------------
    SLICE_X0Y90          FDCE                         0.000     0.000 r  u_seg7/digit_sel_reg[0]/C
    SLICE_X0Y90          FDCE (Prop_fdce_C_Q)         0.141     0.141 r  u_seg7/digit_sel_reg[0]/Q
                         net (fo=13, routed)          0.271     0.412    u_seg7/digit_sel[0]
    SLICE_X0Y90          LUT2 (Prop_lut2_I0_O)        0.042     0.454 r  u_seg7/digit_sel[1]_i_1/O
                         net (fo=1, routed)           0.125     0.579    u_seg7/digit_sel[1]_i_1_n_0
    SLICE_X0Y90          FDCE                                         r  u_seg7/digit_sel_reg[1]/D
  -------------------------------------------------------------------    -------------------

Slack:                    inf
  Source:                 rst
                            (input port)
  Destination:            u_seg7/digit_sel_reg[0]/CLR
  Path Group:             (none)
  Path Type:              Min at Fast Process Corner
  Data Path Delay:        1.087ns  (logic 0.244ns (22.484%)  route 0.843ns (77.516%))
  Logic Levels:           1  (IBUF=1)

    Location             Delay type                Incr(ns)  Path(ns)    Netlist Resource(s)
  -------------------------------------------------------------------    -------------------
    N17                                               0.000     0.000 f  rst (IN)
                         net (fo=0)                   0.000     0.000    rst
    N17                  IBUF (Prop_ibuf_I_O)         0.244     0.244 f  rst_IBUF_inst/O
                         net (fo=49, routed)          0.843     1.087    u_seg7/AR[0]
    SLICE_X0Y90          FDCE                                         f  u_seg7/digit_sel_reg[0]/CLR
  -------------------------------------------------------------------    -------------------

Slack:                    inf
  Source:                 rst
                            (input port)
  Destination:            u_seg7/digit_sel_reg[1]/CLR
  Path Group:             (none)
  Path Type:              Min at Fast Process Corner
  Data Path Delay:        1.087ns  (logic 0.244ns (22.484%)  route 0.843ns (77.516%))
  Logic Levels:           1  (IBUF=1)

    Location             Delay type                Incr(ns)  Path(ns)    Netlist Resource(s)
  -------------------------------------------------------------------    -------------------
    N17                                               0.000     0.000 f  rst (IN)
                         net (fo=0)                   0.000     0.000    rst
    N17                  IBUF (Prop_ibuf_I_O)         0.244     0.244 f  rst_IBUF_inst/O
                         net (fo=49, routed)          0.843     1.087    u_seg7/AR[0]
    SLICE_X0Y90          FDCE                                         f  u_seg7/digit_sel_reg[1]/CLR
  -------------------------------------------------------------------    -------------------

Slack:                    inf
  Source:                 u_seg7/digit_sel_reg[0]/C
                            (rising edge-triggered cell FDCE)
  Destination:            seg[4]
                            (output port)
  Path Group:             (none)
  Path Type:              Min at Fast Process Corner
  Data Path Delay:        2.136ns  (logic 1.380ns (64.618%)  route 0.756ns (35.382%))
  Logic Levels:           3  (FDCE=1 LUT4=1 OBUF=1)

    Location             Delay type                Incr(ns)  Path(ns)    Netlist Resource(s)
  -------------------------------------------------------------------    -------------------
    SLICE_X0Y90          FDCE                         0.000     0.000 r  u_seg7/digit_sel_reg[0]/C
    SLICE_X0Y90          FDCE (Prop_fdce_C_Q)         0.141     0.141 r  u_seg7/digit_sel_reg[0]/Q
                         net (fo=13, routed)          0.271     0.412    u_seg7/digit_sel[0]
    SLICE_X0Y90          LUT4 (Prop_lut4_I0_O)        0.045     0.457 r  u_seg7/seg_OBUF[4]_inst_i_1/O
                         net (fo=1, routed)           0.485     0.942    seg_OBUF[4]
    K16                  OBUF (Prop_obuf_I_O)         1.194     2.136 r  seg_OBUF[4]_inst/O
                         net (fo=0)                   0.000     2.136    seg[4]
    K16                                                               r  seg[4] (OUT)
  -------------------------------------------------------------------    -------------------

Slack:                    inf
  Source:                 u_seg7/digit_sel_reg[1]/C
                            (rising edge-triggered cell FDCE)
  Destination:            an[0]
                            (output port)
  Path Group:             (none)
  Path Type:              Min at Fast Process Corner
  Data Path Delay:        2.152ns  (logic 1.422ns (66.085%)  route 0.730ns (33.915%))
  Logic Levels:           3  (FDCE=1 LUT2=1 OBUF=1)

    Location             Delay type                Incr(ns)  Path(ns)    Netlist Resource(s)
  -------------------------------------------------------------------    -------------------
    SLICE_X0Y90          FDCE                         0.000     0.000 r  u_seg7/digit_sel_reg[1]/C
    SLICE_X0Y90          FDCE (Prop_fdce_C_Q)         0.141     0.141 r  u_seg7/digit_sel_reg[1]/Q
                         net (fo=12, routed)          0.211     0.352    u_seg7/digit_sel[1]
    SLICE_X0Y90          LUT2 (Prop_lut2_I0_O)        0.045     0.397 r  u_seg7/an_OBUF[0]_inst_i_1/O
                         net (fo=1, routed)           0.519     0.916    an_OBUF[0]
    J17                  OBUF (Prop_obuf_I_O)         1.236     2.152 r  an_OBUF[0]_inst/O
                         net (fo=0)                   0.000     2.152    an[0]
    J17                                                               r  an[0] (OUT)
  -------------------------------------------------------------------    -------------------

Slack:                    inf
  Source:                 u_seg7/digit_sel_reg[1]/C
                            (rising edge-triggered cell FDCE)
  Destination:            an[1]
                            (output port)
  Path Group:             (none)
  Path Type:              Min at Fast Process Corner
  Data Path Delay:        2.205ns  (logic 1.481ns (67.186%)  route 0.724ns (32.814%))
  Logic Levels:           3  (FDCE=1 LUT2=1 OBUF=1)

    Location             Delay type                Incr(ns)  Path(ns)    Netlist Resource(s)
  -------------------------------------------------------------------    -------------------
    SLICE_X0Y90          FDCE                         0.000     0.000 r  u_seg7/digit_sel_reg[1]/C
    SLICE_X0Y90          FDCE (Prop_fdce_C_Q)         0.141     0.141 r  u_seg7/digit_sel_reg[1]/Q
                         net (fo=12, routed)          0.211     0.352    u_seg7/digit_sel[1]
    SLICE_X0Y90          LUT2 (Prop_lut2_I0_O)        0.042     0.394 r  u_seg7/an_OBUF[1]_inst_i_1/O
                         net (fo=1, routed)           0.512     0.907    an_OBUF[1]
    J18                  OBUF (Prop_obuf_I_O)         1.298     2.205 r  an_OBUF[1]_inst/O
                         net (fo=0)                   0.000     2.205    an[1]
    J18                                                               r  an[1] (OUT)
  -------------------------------------------------------------------    -------------------

Slack:                    inf
  Source:                 u_seg7/digit_sel_reg[1]/C
                            (rising edge-triggered cell FDCE)
  Destination:            seg[0]
                            (output port)
  Path Group:             (none)
  Path Type:              Min at Fast Process Corner
  Data Path Delay:        2.259ns  (logic 1.489ns (65.908%)  route 0.770ns (34.092%))
  Logic Levels:           3  (FDCE=1 LUT4=1 OBUF=1)

    Location             Delay type                Incr(ns)  Path(ns)    Netlist Resource(s)
  -------------------------------------------------------------------    -------------------
    SLICE_X0Y90          FDCE                         0.000     0.000 r  u_seg7/digit_sel_reg[1]/C
    SLICE_X0Y90          FDCE (Prop_fdce_C_Q)         0.141     0.141 r  u_seg7/digit_sel_reg[1]/Q
                         net (fo=12, routed)          0.348     0.489    u_seg7/digit_sel[1]
    SLICE_X0Y85          LUT4 (Prop_lut4_I1_O)        0.043     0.532 r  u_seg7/seg_OBUF[0]_inst_i_1/O
                         net (fo=1, routed)           0.422     0.954    seg_OBUF[0]
    L18                  OBUF (Prop_obuf_I_O)         1.305     2.259 r  seg_OBUF[0]_inst/O
                         net (fo=0)                   0.000     2.259    seg[0]
    L18                                                               r  seg[0] (OUT)
  -------------------------------------------------------------------    -------------------

Slack:                    inf
  Source:                 u_seg7/digit_sel_reg[1]/C
                            (rising edge-triggered cell FDCE)
  Destination:            seg[2]
                            (output port)
  Path Group:             (none)
  Path Type:              Min at Fast Process Corner
  Data Path Delay:        2.395ns  (logic 1.420ns (59.298%)  route 0.975ns (40.702%))
  Logic Levels:           3  (FDCE=1 LUT4=1 OBUF=1)

    Location             Delay type                Incr(ns)  Path(ns)    Netlist Resource(s)
  -------------------------------------------------------------------    -------------------
    SLICE_X0Y90          FDCE                         0.000     0.000 r  u_seg7/digit_sel_reg[1]/C
    SLICE_X0Y90          FDCE (Prop_fdce_C_Q)         0.141     0.141 r  u_seg7/digit_sel_reg[1]/Q
                         net (fo=12, routed)          0.416     0.557    u_seg7/digit_sel[1]
    SLICE_X0Y85          LUT4 (Prop_lut4_I0_O)        0.045     0.602 r  u_seg7/seg_OBUF[2]_inst_i_1/O
                         net (fo=1, routed)           0.559     1.161    seg_OBUF[2]
    P15                  OBUF (Prop_obuf_I_O)         1.234     2.395 r  seg_OBUF[2]_inst/O
                         net (fo=0)                   0.000     2.395    seg[2]
    P15                                                               r  seg[2] (OUT)
  -------------------------------------------------------------------    -------------------

Slack:                    inf
  Source:                 u_seg7/digit_sel_reg[1]/C
                            (rising edge-triggered cell FDCE)
  Destination:            seg[1]
                            (output port)
  Path Group:             (none)
  Path Type:              Min at Fast Process Corner
  Data Path Delay:        2.439ns  (logic 1.447ns (59.336%)  route 0.992ns (40.664%))
  Logic Levels:           3  (FDCE=1 LUT4=1 OBUF=1)

    Location             Delay type                Incr(ns)  Path(ns)    Netlist Resource(s)
  -------------------------------------------------------------------    -------------------
    SLICE_X0Y90          FDCE                         0.000     0.000 r  u_seg7/digit_sel_reg[1]/C
    SLICE_X0Y90          FDCE (Prop_fdce_C_Q)         0.141     0.141 r  u_seg7/digit_sel_reg[1]/Q
                         net (fo=12, routed)          0.348     0.489    u_seg7/digit_sel[1]
    SLICE_X0Y85          LUT4 (Prop_lut4_I1_O)        0.045     0.534 r  u_seg7/seg_OBUF[1]_inst_i_1/O
                         net (fo=1, routed)           0.644     1.178    seg_OBUF[1]
    T11                  OBUF (Prop_obuf_I_O)         1.261     2.439 r  seg_OBUF[1]_inst/O
                         net (fo=0)                   0.000     2.439    seg[1]
    T11                                                               r  seg[1] (OUT)
  -------------------------------------------------------------------    -------------------





--------------------------------------------------------------------------------------
Path Group:  (none)
From Clock:  sys_clk_pin
  To Clock:  

Max Delay            13 Endpoints
Min Delay            13 Endpoints
--------------------------------------------------------------------------------------


Max Delay Paths
--------------------------------------------------------------------------------------
Slack:                    inf
  Source:                 u_fsm/FSM_sequential_state_reg[1]/C
                            (rising edge-triggered cell FDCE clocked by sys_clk_pin  {rise@0.000ns fall@5.000ns period=10.000ns})
  Destination:            seg[6]
                            (output port)
  Path Group:             (none)
  Path Type:              Max at Slow Process Corner
  Data Path Delay:        8.512ns  (logic 4.390ns (51.577%)  route 4.122ns (48.423%))
  Logic Levels:           2  (LUT4=1 OBUF=1)
  Clock Uncertainty:      0.025ns  ((TSJ^2 + TIJ^2)^1/2 + DJ) / 2 + PE
    Total System Jitter     (TSJ):    0.050ns
    Total Input Jitter      (TIJ):    0.000ns
    Discrete Jitter          (DJ):    0.000ns
    Phase Error              (PE):    0.000ns

    Location             Delay type                Incr(ns)  Path(ns)    Netlist Resource(s)
  -------------------------------------------------------------------    -------------------
                         (clock sys_clk_pin rise edge)
                                                      0.000     0.000 r  
    E3                                                0.000     0.000 r  clk (IN)
                         net (fo=0)                   0.000     0.000    clk
    E3                   IBUF (Prop_ibuf_I_O)         1.482     1.482 r  clk_IBUF_inst/O
                         net (fo=1, routed)           2.025     3.506    clk_IBUF
    BUFGCTRL_X0Y16       BUFG (Prop_bufg_I_O)         0.096     3.602 r  clk_IBUF_BUFG_inst/O
                         net (fo=47, routed)          1.723     5.326    u_fsm/FSM_sequential_state_reg[0]_0
    SLICE_X0Y89          FDCE                                         r  u_fsm/FSM_sequential_state_reg[1]/C
  -------------------------------------------------------------------    -------------------
    SLICE_X0Y89          FDCE (Prop_fdce_C_Q)         0.456     5.782 r  u_fsm/FSM_sequential_state_reg[1]/Q
                         net (fo=14, routed)          1.198     6.979    u_seg7/state[0]
    SLICE_X0Y85          LUT4 (Prop_lut4_I2_O)        0.154     7.133 r  u_seg7/seg_OBUF[6]_inst_i_1/O
                         net (fo=1, routed)           2.924    10.057    seg_OBUF[6]
    T10                  OBUF (Prop_obuf_I_O)         3.780    13.837 r  seg_OBUF[6]_inst/O
                         net (fo=0)                   0.000    13.837    seg[6]
    T10                                                               r  seg[6] (OUT)
  -------------------------------------------------------------------    -------------------

Slack:                    inf
  Source:                 u_fsm/FSM_sequential_state_reg[1]/C
                            (rising edge-triggered cell FDCE clocked by sys_clk_pin  {rise@0.000ns fall@5.000ns period=10.000ns})
  Destination:            seg[5]
                            (output port)
  Path Group:             (none)
  Path Type:              Max at Slow Process Corner
  Data Path Delay:        8.192ns  (logic 4.369ns (53.335%)  route 3.823ns (46.665%))
  Logic Levels:           2  (LUT4=1 OBUF=1)
  Clock Uncertainty:      0.025ns  ((TSJ^2 + TIJ^2)^1/2 + DJ) / 2 + PE
    Total System Jitter     (TSJ):    0.050ns
    Total Input Jitter      (TIJ):    0.000ns
    Discrete Jitter          (DJ):    0.000ns
    Phase Error              (PE):    0.000ns

    Location             Delay type                Incr(ns)  Path(ns)    Netlist Resource(s)
  -------------------------------------------------------------------    -------------------
                         (clock sys_clk_pin rise edge)
                                                      0.000     0.000 r  
    E3                                                0.000     0.000 r  clk (IN)
                         net (fo=0)                   0.000     0.000    clk
    E3                   IBUF (Prop_ibuf_I_O)         1.482     1.482 r  clk_IBUF_inst/O
                         net (fo=1, routed)           2.025     3.506    clk_IBUF
    BUFGCTRL_X0Y16       BUFG (Prop_bufg_I_O)         0.096     3.602 r  clk_IBUF_BUFG_inst/O
                         net (fo=47, routed)          1.723     5.326    u_fsm/FSM_sequential_state_reg[0]_0
    SLICE_X0Y89          FDCE                                         r  u_fsm/FSM_sequential_state_reg[1]/C
  -------------------------------------------------------------------    -------------------
    SLICE_X0Y89          FDCE (Prop_fdce_C_Q)         0.456     5.782 r  u_fsm/FSM_sequential_state_reg[1]/Q
                         net (fo=14, routed)          0.847     6.629    u_seg7/state[0]
    SLICE_X0Y89          LUT4 (Prop_lut4_I2_O)        0.150     6.779 r  u_seg7/seg_OBUF[5]_inst_i_1/O
                         net (fo=1, routed)           2.976     9.755    seg_OBUF[5]
    R10                  OBUF (Prop_obuf_I_O)         3.763    13.518 r  seg_OBUF[5]_inst/O
                         net (fo=0)                   0.000    13.518    seg[5]
    R10                                                               r  seg[5] (OUT)
  -------------------------------------------------------------------    -------------------

Slack:                    inf
  Source:                 u_fsm/FSM_sequential_state_reg[1]/C
                            (rising edge-triggered cell FDCE clocked by sys_clk_pin  {rise@0.000ns fall@5.000ns period=10.000ns})
  Destination:            led_door
                            (output port)
  Path Group:             (none)
  Path Type:              Max at Slow Process Corner
  Data Path Delay:        7.914ns  (logic 4.133ns (52.218%)  route 3.782ns (47.782%))
  Logic Levels:           2  (LUT2=1 OBUF=1)
  Clock Uncertainty:      0.025ns  ((TSJ^2 + TIJ^2)^1/2 + DJ) / 2 + PE
    Total System Jitter     (TSJ):    0.050ns
    Total Input Jitter      (TIJ):    0.000ns
    Discrete Jitter          (DJ):    0.000ns
    Phase Error              (PE):    0.000ns

    Location             Delay type                Incr(ns)  Path(ns)    Netlist Resource(s)
  -------------------------------------------------------------------    -------------------
                         (clock sys_clk_pin rise edge)
                                                      0.000     0.000 r  
    E3                                                0.000     0.000 r  clk (IN)
                         net (fo=0)                   0.000     0.000    clk
    E3                   IBUF (Prop_ibuf_I_O)         1.482     1.482 r  clk_IBUF_inst/O
                         net (fo=1, routed)           2.025     3.506    clk_IBUF
    BUFGCTRL_X0Y16       BUFG (Prop_bufg_I_O)         0.096     3.602 r  clk_IBUF_BUFG_inst/O
                         net (fo=47, routed)          1.723     5.326    u_fsm/FSM_sequential_state_reg[0]_0
    SLICE_X0Y89          FDCE                                         r  u_fsm/FSM_sequential_state_reg[1]/C
  -------------------------------------------------------------------    -------------------
    SLICE_X0Y89          FDCE (Prop_fdce_C_Q)         0.456     5.782 r  u_fsm/FSM_sequential_state_reg[1]/Q
                         net (fo=14, routed)          1.479     7.261    u_fsm/state[0]
    SLICE_X0Y94          LUT2 (Prop_lut2_I0_O)        0.124     7.385 r  u_fsm/led_door_OBUF_inst_i_1/O
                         net (fo=1, routed)           2.303     9.687    led_door_OBUF
    J13                  OBUF (Prop_obuf_I_O)         3.553    13.240 r  led_door_OBUF_inst/O
                         net (fo=0)                   0.000    13.240    led_door
    J13                                                               r  led_door (OUT)
  -------------------------------------------------------------------    -------------------

Slack:                    inf
  Source:                 u_fsm/FSM_sequential_state_reg[1]/C
                            (rising edge-triggered cell FDCE clocked by sys_clk_pin  {rise@0.000ns fall@5.000ns period=10.000ns})
  Destination:            led_motion
                            (output port)
  Path Group:             (none)
  Path Type:              Max at Slow Process Corner
  Data Path Delay:        7.840ns  (logic 4.345ns (55.424%)  route 3.495ns (44.576%))
  Logic Levels:           2  (LUT2=1 OBUF=1)
  Clock Uncertainty:      0.025ns  ((TSJ^2 + TIJ^2)^1/2 + DJ) / 2 + PE
    Total System Jitter     (TSJ):    0.050ns
    Total Input Jitter      (TIJ):    0.000ns
    Discrete Jitter          (DJ):    0.000ns
    Phase Error              (PE):    0.000ns

    Location             Delay type                Incr(ns)  Path(ns)    Netlist Resource(s)
  -------------------------------------------------------------------    -------------------
                         (clock sys_clk_pin rise edge)
                                                      0.000     0.000 r  
    E3                                                0.000     0.000 r  clk (IN)
                         net (fo=0)                   0.000     0.000    clk
    E3                   IBUF (Prop_ibuf_I_O)         1.482     1.482 r  clk_IBUF_inst/O
                         net (fo=1, routed)           2.025     3.506    clk_IBUF
    BUFGCTRL_X0Y16       BUFG (Prop_bufg_I_O)         0.096     3.602 r  clk_IBUF_BUFG_inst/O
                         net (fo=47, routed)          1.723     5.326    u_fsm/FSM_sequential_state_reg[0]_0
    SLICE_X0Y89          FDCE                                         r  u_fsm/FSM_sequential_state_reg[1]/C
  -------------------------------------------------------------------    -------------------
    SLICE_X0Y89          FDCE (Prop_fdce_C_Q)         0.456     5.782 f  u_fsm/FSM_sequential_state_reg[1]/Q
                         net (fo=14, routed)          1.479     7.261    u_fsm/state[0]
    SLICE_X0Y94          LUT2 (Prop_lut2_I1_O)        0.152     7.413 r  u_fsm/led_motion_OBUF_inst_i_1/O
                         net (fo=1, routed)           2.016     9.428    led_motion_OBUF
    K15                  OBUF (Prop_obuf_I_O)         3.737    13.166 r  led_motion_OBUF_inst/O
                         net (fo=0)                   0.000    13.166    led_motion
    K15                                                               r  led_motion (OUT)
  -------------------------------------------------------------------    -------------------

Slack:                    inf
  Source:                 u_fsm/FSM_sequential_state_reg[1]/C
                            (rising edge-triggered cell FDCE clocked by sys_clk_pin  {rise@0.000ns fall@5.000ns period=10.000ns})
  Destination:            buzzer
                            (output port)
  Path Group:             (none)
  Path Type:              Max at Slow Process Corner
  Data Path Delay:        7.723ns  (logic 4.379ns (56.699%)  route 3.344ns (43.301%))
  Logic Levels:           2  (LUT2=1 OBUF=1)
  Clock Uncertainty:      0.025ns  ((TSJ^2 + TIJ^2)^1/2 + DJ) / 2 + PE
    Total System Jitter     (TSJ):    0.050ns
    Total Input Jitter      (TIJ):    0.000ns
    Discrete Jitter          (DJ):    0.000ns
    Phase Error              (PE):    0.000ns

    Location             Delay type                Incr(ns)  Path(ns)    Netlist Resource(s)
  -------------------------------------------------------------------    -------------------
                         (clock sys_clk_pin rise edge)
                                                      0.000     0.000 r  
    E3                                                0.000     0.000 r  clk (IN)
                         net (fo=0)                   0.000     0.000    clk
    E3                   IBUF (Prop_ibuf_I_O)         1.482     1.482 r  clk_IBUF_inst/O
                         net (fo=1, routed)           2.025     3.506    clk_IBUF
    BUFGCTRL_X0Y16       BUFG (Prop_bufg_I_O)         0.096     3.602 r  clk_IBUF_BUFG_inst/O
                         net (fo=47, routed)          1.723     5.326    u_fsm/FSM_sequential_state_reg[0]_0
    SLICE_X0Y89          FDCE                                         r  u_fsm/FSM_sequential_state_reg[1]/C
  -------------------------------------------------------------------    -------------------
    SLICE_X0Y89          FDCE (Prop_fdce_C_Q)         0.456     5.782 r  u_fsm/FSM_sequential_state_reg[1]/Q
                         net (fo=14, routed)          1.066     6.848    u_fsm/state[0]
    SLICE_X0Y94          LUT2 (Prop_lut2_I1_O)        0.150     6.998 r  u_fsm/buzzer_OBUF_inst_i_1/O
                         net (fo=1, routed)           2.278     9.276    buzzer_OBUF
    C17                  OBUF (Prop_obuf_I_O)         3.773    13.049 r  buzzer_OBUF_inst/O
                         net (fo=0)                   0.000    13.049    buzzer
    C17                                                               r  buzzer (OUT)
  -------------------------------------------------------------------    -------------------

Slack:                    inf
  Source:                 u_fsm/FSM_sequential_state_reg[1]/C
                            (rising edge-triggered cell FDCE clocked by sys_clk_pin  {rise@0.000ns fall@5.000ns period=10.000ns})
  Destination:            seg[3]
                            (output port)
  Path Group:             (none)
  Path Type:              Max at Slow Process Corner
  Data Path Delay:        7.648ns  (logic 4.130ns (54.005%)  route 3.518ns (45.995%))
  Logic Levels:           2  (LUT4=1 OBUF=1)
  Clock Uncertainty:      0.025ns  ((TSJ^2 + TIJ^2)^1/2 + DJ) / 2 + PE
    Total System Jitter     (TSJ):    0.050ns
    Total Input Jitter      (TIJ):    0.000ns
    Discrete Jitter          (DJ):    0.000ns
    Phase Error              (PE):    0.000ns

    Location             Delay type                Incr(ns)  Path(ns)    Netlist Resource(s)
  -------------------------------------------------------------------    -------------------
                         (clock sys_clk_pin rise edge)
                                                      0.000     0.000 r  
    E3                                                0.000     0.000 r  clk (IN)
                         net (fo=0)                   0.000     0.000    clk
    E3                   IBUF (Prop_ibuf_I_O)         1.482     1.482 r  clk_IBUF_inst/O
                         net (fo=1, routed)           2.025     3.506    clk_IBUF
    BUFGCTRL_X0Y16       BUFG (Prop_bufg_I_O)         0.096     3.602 r  clk_IBUF_BUFG_inst/O
                         net (fo=47, routed)          1.723     5.326    u_fsm/FSM_sequential_state_reg[0]_0
    SLICE_X0Y89          FDCE                                         r  u_fsm/FSM_sequential_state_reg[1]/C
  -------------------------------------------------------------------    -------------------
    SLICE_X0Y89          FDCE (Prop_fdce_C_Q)         0.456     5.782 r  u_fsm/FSM_sequential_state_reg[1]/Q
                         net (fo=14, routed)          0.847     6.629    u_seg7/state[0]
    SLICE_X0Y89          LUT4 (Prop_lut4_I1_O)        0.124     6.753 r  u_seg7/seg_OBUF[3]_inst_i_1/O
                         net (fo=1, routed)           2.671     9.423    seg_OBUF[3]
    K13                  OBUF (Prop_obuf_I_O)         3.550    12.974 r  seg_OBUF[3]_inst/O
                         net (fo=0)                   0.000    12.974    seg[3]
    K13                                                               r  seg[3] (OUT)
  -------------------------------------------------------------------    -------------------

Slack:                    inf
  Source:                 u_fsm/FSM_sequential_state_reg[1]/C
                            (rising edge-triggered cell FDCE clocked by sys_clk_pin  {rise@0.000ns fall@5.000ns period=10.000ns})
  Destination:            seg[2]
                            (output port)
  Path Group:             (none)
  Path Type:              Max at Slow Process Corner
  Data Path Delay:        7.438ns  (logic 4.114ns (55.300%)  route 3.325ns (44.700%))
  Logic Levels:           2  (LUT4=1 OBUF=1)
  Clock Uncertainty:      0.025ns  ((TSJ^2 + TIJ^2)^1/2 + DJ) / 2 + PE
    Total System Jitter     (TSJ):    0.050ns
    Total Input Jitter      (TIJ):    0.000ns
    Discrete Jitter          (DJ):    0.000ns
    Phase Error              (PE):    0.000ns

    Location             Delay type                Incr(ns)  Path(ns)    Netlist Resource(s)
  -------------------------------------------------------------------    -------------------
                         (clock sys_clk_pin rise edge)
                                                      0.000     0.000 r  
    E3                                                0.000     0.000 r  clk (IN)
                         net (fo=0)                   0.000     0.000    clk
    E3                   IBUF (Prop_ibuf_I_O)         1.482     1.482 r  clk_IBUF_inst/O
                         net (fo=1, routed)           2.025     3.506    clk_IBUF
    BUFGCTRL_X0Y16       BUFG (Prop_bufg_I_O)         0.096     3.602 r  clk_IBUF_BUFG_inst/O
                         net (fo=47, routed)          1.723     5.326    u_fsm/FSM_sequential_state_reg[0]_0
    SLICE_X0Y89          FDCE                                         r  u_fsm/FSM_sequential_state_reg[1]/C
  -------------------------------------------------------------------    -------------------
    SLICE_X0Y89          FDCE (Prop_fdce_C_Q)         0.456     5.782 f  u_fsm/FSM_sequential_state_reg[1]/Q
                         net (fo=14, routed)          1.198     6.979    u_seg7/state[0]
    SLICE_X0Y85          LUT4 (Prop_lut4_I3_O)        0.124     7.103 r  u_seg7/seg_OBUF[2]_inst_i_1/O
                         net (fo=1, routed)           2.127     9.231    seg_OBUF[2]
    P15                  OBUF (Prop_obuf_I_O)         3.534    12.764 r  seg_OBUF[2]_inst/O
                         net (fo=0)                   0.000    12.764    seg[2]
    P15                                                               r  seg[2] (OUT)
  -------------------------------------------------------------------    -------------------

Slack:                    inf
  Source:                 u_fsm/FSM_sequential_state_reg[1]/C
                            (rising edge-triggered cell FDCE clocked by sys_clk_pin  {rise@0.000ns fall@5.000ns period=10.000ns})
  Destination:            led_idle
                            (output port)
  Path Group:             (none)
  Path Type:              Max at Slow Process Corner
  Data Path Delay:        7.427ns  (logic 4.100ns (55.210%)  route 3.327ns (44.790%))
  Logic Levels:           2  (LUT2=1 OBUF=1)
  Clock Uncertainty:      0.025ns  ((TSJ^2 + TIJ^2)^1/2 + DJ) / 2 + PE
    Total System Jitter     (TSJ):    0.050ns
    Total Input Jitter      (TIJ):    0.000ns
    Discrete Jitter          (DJ):    0.000ns
    Phase Error              (PE):    0.000ns

    Location             Delay type                Incr(ns)  Path(ns)    Netlist Resource(s)
  -------------------------------------------------------------------    -------------------
                         (clock sys_clk_pin rise edge)
                                                      0.000     0.000 r  
    E3                                                0.000     0.000 r  clk (IN)
                         net (fo=0)                   0.000     0.000    clk
    E3                   IBUF (Prop_ibuf_I_O)         1.482     1.482 r  clk_IBUF_inst/O
                         net (fo=1, routed)           2.025     3.506    clk_IBUF
    BUFGCTRL_X0Y16       BUFG (Prop_bufg_I_O)         0.096     3.602 r  clk_IBUF_BUFG_inst/O
                         net (fo=47, routed)          1.723     5.326    u_fsm/FSM_sequential_state_reg[0]_0
    SLICE_X0Y89          FDCE                                         r  u_fsm/FSM_sequential_state_reg[1]/C
  -------------------------------------------------------------------    -------------------
    SLICE_X0Y89          FDCE (Prop_fdce_C_Q)         0.456     5.782 f  u_fsm/FSM_sequential_state_reg[1]/Q
                         net (fo=14, routed)          1.066     6.848    u_fsm/state[0]
    SLICE_X0Y94          LUT2 (Prop_lut2_I1_O)        0.124     6.972 r  u_fsm/led_idle_OBUF_inst_i_1/O
                         net (fo=1, routed)           2.260     9.232    led_idle_OBUF
    H17                  OBUF (Prop_obuf_I_O)         3.520    12.753 r  led_idle_OBUF_inst/O
                         net (fo=0)                   0.000    12.753    led_idle
    H17                                                               r  led_idle (OUT)
  -------------------------------------------------------------------    -------------------

Slack:                    inf
  Source:                 u_fsm/FSM_sequential_state_reg[0]/C
                            (rising edge-triggered cell FDCE clocked by sys_clk_pin  {rise@0.000ns fall@5.000ns period=10.000ns})
  Destination:            seg[1]
                            (output port)
  Path Group:             (none)
  Path Type:              Max at Slow Process Corner
  Data Path Delay:        7.284ns  (logic 4.141ns (56.843%)  route 3.144ns (43.157%))
  Logic Levels:           2  (LUT4=1 OBUF=1)
  Clock Uncertainty:      0.025ns  ((TSJ^2 + TIJ^2)^1/2 + DJ) / 2 + PE
    Total System Jitter     (TSJ):    0.050ns
    Total Input Jitter      (TIJ):    0.000ns
    Discrete Jitter          (DJ):    0.000ns
    Phase Error              (PE):    0.000ns

    Location             Delay type                Incr(ns)  Path(ns)    Netlist Resource(s)
  -------------------------------------------------------------------    -------------------
                         (clock sys_clk_pin rise edge)
                                                      0.000     0.000 r  
    E3                                                0.000     0.000 r  clk (IN)
                         net (fo=0)                   0.000     0.000    clk
    E3                   IBUF (Prop_ibuf_I_O)         1.482     1.482 r  clk_IBUF_inst/O
                         net (fo=1, routed)           2.025     3.506    clk_IBUF
    BUFGCTRL_X0Y16       BUFG (Prop_bufg_I_O)         0.096     3.602 r  clk_IBUF_BUFG_inst/O
                         net (fo=47, routed)          1.723     5.326    u_fsm/FSM_sequential_state_reg[0]_0
    SLICE_X0Y89          FDCE                                         r  u_fsm/FSM_sequential_state_reg[0]/C
  -------------------------------------------------------------------    -------------------
    SLICE_X0Y89          FDCE (Prop_fdce_C_Q)         0.456     5.782 r  u_fsm/FSM_sequential_state_reg[0]/Q
                         net (fo=15, routed)          0.787     6.568    u_seg7/led_camera_OBUF
    SLICE_X0Y85          LUT4 (Prop_lut4_I2_O)        0.124     6.692 r  u_seg7/seg_OBUF[1]_inst_i_1/O
                         net (fo=1, routed)           2.357     9.049    seg_OBUF[1]
    T11                  OBUF (Prop_obuf_I_O)         3.561    12.610 r  seg_OBUF[1]_inst/O
                         net (fo=0)                   0.000    12.610    seg[1]
    T11                                                               r  seg[1] (OUT)
  -------------------------------------------------------------------    -------------------

Slack:                    inf
  Source:                 u_fsm/FSM_sequential_state_reg[0]/C
                            (rising edge-triggered cell FDCE clocked by sys_clk_pin  {rise@0.000ns fall@5.000ns period=10.000ns})
  Destination:            seg[0]
                            (output port)
  Path Group:             (none)
  Path Type:              Max at Slow Process Corner
  Data Path Delay:        7.011ns  (logic 4.351ns (62.069%)  route 2.659ns (37.931%))
  Logic Levels:           2  (LUT4=1 OBUF=1)
  Clock Uncertainty:      0.025ns  ((TSJ^2 + TIJ^2)^1/2 + DJ) / 2 + PE
    Total System Jitter     (TSJ):    0.050ns
    Total Input Jitter      (TIJ):    0.000ns
    Discrete Jitter          (DJ):    0.000ns
    Phase Error              (PE):    0.000ns

    Location             Delay type                Incr(ns)  Path(ns)    Netlist Resource(s)
  -------------------------------------------------------------------    -------------------
                         (clock sys_clk_pin rise edge)
                                                      0.000     0.000 r  
    E3                                                0.000     0.000 r  clk (IN)
                         net (fo=0)                   0.000     0.000    clk
    E3                   IBUF (Prop_ibuf_I_O)         1.482     1.482 r  clk_IBUF_inst/O
                         net (fo=1, routed)           2.025     3.506    clk_IBUF
    BUFGCTRL_X0Y16       BUFG (Prop_bufg_I_O)         0.096     3.602 r  clk_IBUF_BUFG_inst/O
                         net (fo=47, routed)          1.723     5.326    u_fsm/FSM_sequential_state_reg[0]_0
    SLICE_X0Y89          FDCE                                         r  u_fsm/FSM_sequential_state_reg[0]/C
  -------------------------------------------------------------------    -------------------
    SLICE_X0Y89          FDCE (Prop_fdce_C_Q)         0.456     5.782 r  u_fsm/FSM_sequential_state_reg[0]/Q
                         net (fo=15, routed)          0.787     6.568    u_seg7/led_camera_OBUF
    SLICE_X0Y85          LUT4 (Prop_lut4_I3_O)        0.150     6.718 r  u_seg7/seg_OBUF[0]_inst_i_1/O
                         net (fo=1, routed)           1.872     8.591    seg_OBUF[0]
    L18                  OBUF (Prop_obuf_I_O)         3.745    12.336 r  seg_OBUF[0]_inst/O
                         net (fo=0)                   0.000    12.336    seg[0]
    L18                                                               r  seg[0] (OUT)
  -------------------------------------------------------------------    -------------------





Min Delay Paths
--------------------------------------------------------------------------------------
Slack:                    inf
  Source:                 u_fsm/FSM_sequential_state_reg[0]/C
                            (rising edge-triggered cell FDCE clocked by sys_clk_pin  {rise@0.000ns fall@5.000ns period=10.000ns})
  Destination:            led_camera
                            (output port)
  Path Group:             (none)
  Path Type:              Min at Fast Process Corner
  Data Path Delay:        1.852ns  (logic 1.393ns (75.239%)  route 0.459ns (24.761%))
  Logic Levels:           1  (OBUF=1)
  Clock Uncertainty:      0.025ns  ((TSJ^2 + TIJ^2)^1/2 + DJ) / 2 + PE
    Total System Jitter     (TSJ):    0.050ns
    Total Input Jitter      (TIJ):    0.000ns
    Discrete Jitter          (DJ):    0.000ns
    Phase Error              (PE):    0.000ns

    Location             Delay type                Incr(ns)  Path(ns)    Netlist Resource(s)
  -------------------------------------------------------------------    -------------------
                         (clock sys_clk_pin rise edge)
                                                      0.000     0.000 r  
    E3                                                0.000     0.000 r  clk (IN)
                         net (fo=0)                   0.000     0.000    clk
    E3                   IBUF (Prop_ibuf_I_O)         0.250     0.250 r  clk_IBUF_inst/O
                         net (fo=1, routed)           0.644     0.894    clk_IBUF
    BUFGCTRL_X0Y16       BUFG (Prop_bufg_I_O)         0.026     0.920 r  clk_IBUF_BUFG_inst/O
                         net (fo=47, routed)          0.602     1.521    u_fsm/FSM_sequential_state_reg[0]_0
    SLICE_X0Y89          FDCE                                         r  u_fsm/FSM_sequential_state_reg[0]/C
  -------------------------------------------------------------------    -------------------
    SLICE_X0Y89          FDCE (Prop_fdce_C_Q)         0.141     1.662 r  u_fsm/FSM_sequential_state_reg[0]/Q
                         net (fo=15, routed)          0.459     2.121    led_camera_OBUF
    R18                  OBUF (Prop_obuf_I_O)         1.252     3.373 r  led_camera_OBUF_inst/O
                         net (fo=0)                   0.000     3.373    led_camera
    R18                                                               r  led_camera (OUT)
  -------------------------------------------------------------------    -------------------

Slack:                    inf
  Source:                 u_fsm/FSM_sequential_state_reg[0]/C
                            (rising edge-triggered cell FDCE clocked by sys_clk_pin  {rise@0.000ns fall@5.000ns period=10.000ns})
  Destination:            led_alarm
                            (output port)
  Path Group:             (none)
  Path Type:              Min at Fast Process Corner
  Data Path Delay:        2.075ns  (logic 1.437ns (69.265%)  route 0.638ns (30.735%))
  Logic Levels:           2  (LUT3=1 OBUF=1)
  Clock Uncertainty:      0.025ns  ((TSJ^2 + TIJ^2)^1/2 + DJ) / 2 + PE
    Total System Jitter     (TSJ):    0.050ns
    Total Input Jitter      (TIJ):    0.000ns
    Discrete Jitter          (DJ):    0.000ns
    Phase Error              (PE):    0.000ns

    Location             Delay type                Incr(ns)  Path(ns)    Netlist Resource(s)
  -------------------------------------------------------------------    -------------------
                         (clock sys_clk_pin rise edge)
                                                      0.000     0.000 r  
    E3                                                0.000     0.000 r  clk (IN)
                         net (fo=0)                   0.000     0.000    clk
    E3                   IBUF (Prop_ibuf_I_O)         0.250     0.250 r  clk_IBUF_inst/O
                         net (fo=1, routed)           0.644     0.894    clk_IBUF
    BUFGCTRL_X0Y16       BUFG (Prop_bufg_I_O)         0.026     0.920 r  clk_IBUF_BUFG_inst/O
                         net (fo=47, routed)          0.602     1.521    u_fsm/FSM_sequential_state_reg[0]_0
    SLICE_X0Y89          FDCE                                         r  u_fsm/FSM_sequential_state_reg[0]/C
  -------------------------------------------------------------------    -------------------
    SLICE_X0Y89          FDCE (Prop_fdce_C_Q)         0.141     1.662 r  u_fsm/FSM_sequential_state_reg[0]/Q
                         net (fo=15, routed)          0.245     1.908    u_led/led_camera_OBUF
    SLICE_X0Y85          LUT3 (Prop_lut3_I1_O)        0.045     1.953 r  u_led/led_alarm/O
                         net (fo=1, routed)           0.392     2.345    led_alarm_OBUF
    N14                  OBUF (Prop_obuf_I_O)         1.251     3.596 r  led_alarm_OBUF_inst/O
                         net (fo=0)                   0.000     3.596    led_alarm
    N14                                                               r  led_alarm (OUT)
  -------------------------------------------------------------------    -------------------

Slack:                    inf
  Source:                 u_fsm/FSM_sequential_state_reg[1]/C
                            (rising edge-triggered cell FDCE clocked by sys_clk_pin  {rise@0.000ns fall@5.000ns period=10.000ns})
  Destination:            seg[4]
                            (output port)
  Path Group:             (none)
  Path Type:              Min at Fast Process Corner
  Data Path Delay:        2.174ns  (logic 1.380ns (63.493%)  route 0.794ns (36.507%))
  Logic Levels:           2  (LUT4=1 OBUF=1)
  Clock Uncertainty:      0.025ns  ((TSJ^2 + TIJ^2)^1/2 + DJ) / 2 + PE
    Total System Jitter     (TSJ):    0.050ns
    Total Input Jitter      (TIJ):    0.000ns
    Discrete Jitter          (DJ):    0.000ns
    Phase Error              (PE):    0.000ns

    Location             Delay type                Incr(ns)  Path(ns)    Netlist Resource(s)
  -------------------------------------------------------------------    -------------------
                         (clock sys_clk_pin rise edge)
                                                      0.000     0.000 r  
    E3                                                0.000     0.000 r  clk (IN)
                         net (fo=0)                   0.000     0.000    clk
    E3                   IBUF (Prop_ibuf_I_O)         0.250     0.250 r  clk_IBUF_inst/O
                         net (fo=1, routed)           0.644     0.894    clk_IBUF
    BUFGCTRL_X0Y16       BUFG (Prop_bufg_I_O)         0.026     0.920 r  clk_IBUF_BUFG_inst/O
                         net (fo=47, routed)          0.602     1.521    u_fsm/FSM_sequential_state_reg[0]_0
    SLICE_X0Y89          FDCE                                         r  u_fsm/FSM_sequential_state_reg[1]/C
  -------------------------------------------------------------------    -------------------
    SLICE_X0Y89          FDCE (Prop_fdce_C_Q)         0.141     1.662 r  u_fsm/FSM_sequential_state_reg[1]/Q
                         net (fo=14, routed)          0.308     1.971    u_seg7/state[0]
    SLICE_X0Y90          LUT4 (Prop_lut4_I1_O)        0.045     2.016 r  u_seg7/seg_OBUF[4]_inst_i_1/O
                         net (fo=1, routed)           0.485     2.501    seg_OBUF[4]
    K16                  OBUF (Prop_obuf_I_O)         1.194     3.695 r  seg_OBUF[4]_inst/O
                         net (fo=0)                   0.000     3.695    seg[4]
    K16                                                               r  seg[4] (OUT)
  -------------------------------------------------------------------    -------------------

Slack:                    inf
  Source:                 u_fsm/FSM_sequential_state_reg[1]/C
                            (rising edge-triggered cell FDCE clocked by sys_clk_pin  {rise@0.000ns fall@5.000ns period=10.000ns})
  Destination:            seg[0]
                            (output port)
  Path Group:             (none)
  Path Type:              Min at Fast Process Corner
  Data Path Delay:        2.192ns  (logic 1.495ns (68.207%)  route 0.697ns (31.793%))
  Logic Levels:           2  (LUT4=1 OBUF=1)
  Clock Uncertainty:      0.025ns  ((TSJ^2 + TIJ^2)^1/2 + DJ) / 2 + PE
    Total System Jitter     (TSJ):    0.050ns
    Total Input Jitter      (TIJ):    0.000ns
    Discrete Jitter          (DJ):    0.000ns
    Phase Error              (PE):    0.000ns

    Location             Delay type                Incr(ns)  Path(ns)    Netlist Resource(s)
  -------------------------------------------------------------------    -------------------
                         (clock sys_clk_pin rise edge)
                                                      0.000     0.000 r  
    E3                                                0.000     0.000 r  clk (IN)
                         net (fo=0)                   0.000     0.000    clk
    E3                   IBUF (Prop_ibuf_I_O)         0.250     0.250 r  clk_IBUF_inst/O
                         net (fo=1, routed)           0.644     0.894    clk_IBUF
    BUFGCTRL_X0Y16       BUFG (Prop_bufg_I_O)         0.026     0.920 r  clk_IBUF_BUFG_inst/O
                         net (fo=47, routed)          0.602     1.521    u_fsm/FSM_sequential_state_reg[0]_0
    SLICE_X0Y89          FDCE                                         r  u_fsm/FSM_sequential_state_reg[1]/C
  -------------------------------------------------------------------    -------------------
    SLICE_X0Y89          FDCE (Prop_fdce_C_Q)         0.141     1.662 r  u_fsm/FSM_sequential_state_reg[1]/Q
                         net (fo=14, routed)          0.274     1.937    u_seg7/state[0]
    SLICE_X0Y85          LUT4 (Prop_lut4_I2_O)        0.049     1.986 r  u_seg7/seg_OBUF[0]_inst_i_1/O
                         net (fo=1, routed)           0.422     2.408    seg_OBUF[0]
    L18                  OBUF (Prop_obuf_I_O)         1.305     3.713 r  seg_OBUF[0]_inst/O
                         net (fo=0)                   0.000     3.713    seg[0]
    L18                                                               r  seg[0] (OUT)
  -------------------------------------------------------------------    -------------------

Slack:                    inf
  Source:                 u_fsm/FSM_sequential_state_reg[0]/C
                            (rising edge-triggered cell FDCE clocked by sys_clk_pin  {rise@0.000ns fall@5.000ns period=10.000ns})
  Destination:            seg[2]
                            (output port)
  Path Group:             (none)
  Path Type:              Min at Fast Process Corner
  Data Path Delay:        2.351ns  (logic 1.420ns (60.427%)  route 0.930ns (39.573%))
  Logic Levels:           2  (LUT4=1 OBUF=1)
  Clock Uncertainty:      0.025ns  ((TSJ^2 + TIJ^2)^1/2 + DJ) / 2 + PE
    Total System Jitter     (TSJ):    0.050ns
    Total Input Jitter      (TIJ):    0.000ns
    Discrete Jitter          (DJ):    0.000ns
    Phase Error              (PE):    0.000ns

    Location             Delay type                Incr(ns)  Path(ns)    Netlist Resource(s)
  -------------------------------------------------------------------    -------------------
                         (clock sys_clk_pin rise edge)
                                                      0.000     0.000 r  
    E3                                                0.000     0.000 r  clk (IN)
                         net (fo=0)                   0.000     0.000    clk
    E3                   IBUF (Prop_ibuf_I_O)         0.250     0.250 r  clk_IBUF_inst/O
                         net (fo=1, routed)           0.644     0.894    clk_IBUF
    BUFGCTRL_X0Y16       BUFG (Prop_bufg_I_O)         0.026     0.920 r  clk_IBUF_BUFG_inst/O
                         net (fo=47, routed)          0.602     1.521    u_fsm/FSM_sequential_state_reg[0]_0
    SLICE_X0Y89          FDCE                                         r  u_fsm/FSM_sequential_state_reg[0]/C
  -------------------------------------------------------------------    -------------------
    SLICE_X0Y89          FDCE (Prop_fdce_C_Q)         0.141     1.662 f  u_fsm/FSM_sequential_state_reg[0]/Q
                         net (fo=15, routed)          0.371     2.033    u_seg7/led_camera_OBUF
    SLICE_X0Y85          LUT4 (Prop_lut4_I2_O)        0.045     2.078 r  u_seg7/seg_OBUF[2]_inst_i_1/O
                         net (fo=1, routed)           0.559     2.638    seg_OBUF[2]
    P15                  OBUF (Prop_obuf_I_O)         1.234     3.872 r  seg_OBUF[2]_inst/O
                         net (fo=0)                   0.000     3.872    seg[2]
    P15                                                               r  seg[2] (OUT)
  -------------------------------------------------------------------    -------------------

Slack:                    inf
  Source:                 u_fsm/FSM_sequential_state_reg[0]/C
                            (rising edge-triggered cell FDCE clocked by sys_clk_pin  {rise@0.000ns fall@5.000ns period=10.000ns})
  Destination:            led_motion
                            (output port)
  Path Group:             (none)
  Path Type:              Min at Fast Process Corner
  Data Path Delay:        2.360ns  (logic 1.481ns (62.769%)  route 0.879ns (37.231%))
  Logic Levels:           2  (LUT2=1 OBUF=1)
  Clock Uncertainty:      0.025ns  ((TSJ^2 + TIJ^2)^1/2 + DJ) / 2 + PE
    Total System Jitter     (TSJ):    0.050ns
    Total Input Jitter      (TIJ):    0.000ns
    Discrete Jitter          (DJ):    0.000ns
    Phase Error              (PE):    0.000ns

    Location             Delay type                Incr(ns)  Path(ns)    Netlist Resource(s)
  -------------------------------------------------------------------    -------------------
                         (clock sys_clk_pin rise edge)
                                                      0.000     0.000 r  
    E3                                                0.000     0.000 r  clk (IN)
                         net (fo=0)                   0.000     0.000    clk
    E3                   IBUF (Prop_ibuf_I_O)         0.250     0.250 r  clk_IBUF_inst/O
                         net (fo=1, routed)           0.644     0.894    clk_IBUF
    BUFGCTRL_X0Y16       BUFG (Prop_bufg_I_O)         0.026     0.920 r  clk_IBUF_BUFG_inst/O
                         net (fo=47, routed)          0.602     1.521    u_fsm/FSM_sequential_state_reg[0]_0
    SLICE_X0Y89          FDCE                                         r  u_fsm/FSM_sequential_state_reg[0]/C
  -------------------------------------------------------------------    -------------------
    SLICE_X0Y89          FDCE (Prop_fdce_C_Q)         0.141     1.662 r  u_fsm/FSM_sequential_state_reg[0]/Q
                         net (fo=15, routed)          0.398     2.060    u_fsm/led_camera_OBUF
    SLICE_X0Y94          LUT2 (Prop_lut2_I0_O)        0.042     2.102 r  u_fsm/led_motion_OBUF_inst_i_1/O
                         net (fo=1, routed)           0.481     2.583    led_motion_OBUF
    K15                  OBUF (Prop_obuf_I_O)         1.298     3.881 r  led_motion_OBUF_inst/O
                         net (fo=0)                   0.000     3.881    led_motion
    K15                                                               r  led_motion (OUT)
  -------------------------------------------------------------------    -------------------

Slack:                    inf
  Source:                 u_fsm/FSM_sequential_state_reg[1]/C
                            (rising edge-triggered cell FDCE clocked by sys_clk_pin  {rise@0.000ns fall@5.000ns period=10.000ns})
  Destination:            seg[1]
                            (output port)
  Path Group:             (none)
  Path Type:              Min at Fast Process Corner
  Data Path Delay:        2.366ns  (logic 1.447ns (61.177%)  route 0.918ns (38.823%))
  Logic Levels:           2  (LUT4=1 OBUF=1)
  Clock Uncertainty:      0.025ns  ((TSJ^2 + TIJ^2)^1/2 + DJ) / 2 + PE
    Total System Jitter     (TSJ):    0.050ns
    Total Input Jitter      (TIJ):    0.000ns
    Discrete Jitter          (DJ):    0.000ns
    Phase Error              (PE):    0.000ns

    Location             Delay type                Incr(ns)  Path(ns)    Netlist Resource(s)
  -------------------------------------------------------------------    -------------------
                         (clock sys_clk_pin rise edge)
                                                      0.000     0.000 r  
    E3                                                0.000     0.000 r  clk (IN)
                         net (fo=0)                   0.000     0.000    clk
    E3                   IBUF (Prop_ibuf_I_O)         0.250     0.250 r  clk_IBUF_inst/O
                         net (fo=1, routed)           0.644     0.894    clk_IBUF
    BUFGCTRL_X0Y16       BUFG (Prop_bufg_I_O)         0.026     0.920 r  clk_IBUF_BUFG_inst/O
                         net (fo=47, routed)          0.602     1.521    u_fsm/FSM_sequential_state_reg[0]_0
    SLICE_X0Y89          FDCE                                         r  u_fsm/FSM_sequential_state_reg[1]/C
  -------------------------------------------------------------------    -------------------
    SLICE_X0Y89          FDCE (Prop_fdce_C_Q)         0.141     1.662 r  u_fsm/FSM_sequential_state_reg[1]/Q
                         net (fo=14, routed)          0.274     1.937    u_seg7/state[0]
    SLICE_X0Y85          LUT4 (Prop_lut4_I3_O)        0.045     1.982 r  u_seg7/seg_OBUF[1]_inst_i_1/O
                         net (fo=1, routed)           0.644     2.626    seg_OBUF[1]
    T11                  OBUF (Prop_obuf_I_O)         1.261     3.887 r  seg_OBUF[1]_inst/O
                         net (fo=0)                   0.000     3.887    seg[1]
    T11                                                               r  seg[1] (OUT)
  -------------------------------------------------------------------    -------------------

Slack:                    inf
  Source:                 u_fsm/FSM_sequential_state_reg[0]/C
                            (rising edge-triggered cell FDCE clocked by sys_clk_pin  {rise@0.000ns fall@5.000ns period=10.000ns})
  Destination:            led_idle
                            (output port)
  Path Group:             (none)
  Path Type:              Min at Fast Process Corner
  Data Path Delay:        2.386ns  (logic 1.407ns (58.975%)  route 0.979ns (41.025%))
  Logic Levels:           2  (LUT2=1 OBUF=1)
  Clock Uncertainty:      0.025ns  ((TSJ^2 + TIJ^2)^1/2 + DJ) / 2 + PE
    Total System Jitter     (TSJ):    0.050ns
    Total Input Jitter      (TIJ):    0.000ns
    Discrete Jitter          (DJ):    0.000ns
    Phase Error              (PE):    0.000ns

    Location             Delay type                Incr(ns)  Path(ns)    Netlist Resource(s)
  -------------------------------------------------------------------    -------------------
                         (clock sys_clk_pin rise edge)
                                                      0.000     0.000 r  
    E3                                                0.000     0.000 r  clk (IN)
                         net (fo=0)                   0.000     0.000    clk
    E3                   IBUF (Prop_ibuf_I_O)         0.250     0.250 r  clk_IBUF_inst/O
                         net (fo=1, routed)           0.644     0.894    clk_IBUF
    BUFGCTRL_X0Y16       BUFG (Prop_bufg_I_O)         0.026     0.920 r  clk_IBUF_BUFG_inst/O
                         net (fo=47, routed)          0.602     1.521    u_fsm/FSM_sequential_state_reg[0]_0
    SLICE_X0Y89          FDCE                                         r  u_fsm/FSM_sequential_state_reg[0]/C
  -------------------------------------------------------------------    -------------------
    SLICE_X0Y89          FDCE (Prop_fdce_C_Q)         0.141     1.662 f  u_fsm/FSM_sequential_state_reg[0]/Q
                         net (fo=15, routed)          0.387     2.049    u_fsm/led_camera_OBUF
    SLICE_X0Y94          LUT2 (Prop_lut2_I0_O)        0.045     2.094 r  u_fsm/led_idle_OBUF_inst_i_1/O
                         net (fo=1, routed)           0.592     2.686    led_idle_OBUF
    H17                  OBUF (Prop_obuf_I_O)         1.221     3.908 r  led_idle_OBUF_inst/O
                         net (fo=0)                   0.000     3.908    led_idle
    H17                                                               r  led_idle (OUT)
  -------------------------------------------------------------------    -------------------

Slack:                    inf
  Source:                 u_fsm/FSM_sequential_state_reg[0]/C
                            (rising edge-triggered cell FDCE clocked by sys_clk_pin  {rise@0.000ns fall@5.000ns period=10.000ns})
  Destination:            seg[3]
                            (output port)
  Path Group:             (none)
  Path Type:              Min at Fast Process Corner
  Data Path Delay:        2.441ns  (logic 1.437ns (58.873%)  route 1.004ns (41.127%))
  Logic Levels:           2  (LUT4=1 OBUF=1)
  Clock Uncertainty:      0.025ns  ((TSJ^2 + TIJ^2)^1/2 + DJ) / 2 + PE
    Total System Jitter     (TSJ):    0.050ns
    Total Input Jitter      (TIJ):    0.000ns
    Discrete Jitter          (DJ):    0.000ns
    Phase Error              (PE):    0.000ns

    Location             Delay type                Incr(ns)  Path(ns)    Netlist Resource(s)
  -------------------------------------------------------------------    -------------------
                         (clock sys_clk_pin rise edge)
                                                      0.000     0.000 r  
    E3                                                0.000     0.000 r  clk (IN)
                         net (fo=0)                   0.000     0.000    clk
    E3                   IBUF (Prop_ibuf_I_O)         0.250     0.250 r  clk_IBUF_inst/O
                         net (fo=1, routed)           0.644     0.894    clk_IBUF
    BUFGCTRL_X0Y16       BUFG (Prop_bufg_I_O)         0.026     0.920 r  clk_IBUF_BUFG_inst/O
                         net (fo=47, routed)          0.602     1.521    u_fsm/FSM_sequential_state_reg[0]_0
    SLICE_X0Y89          FDCE                                         r  u_fsm/FSM_sequential_state_reg[0]/C
  -------------------------------------------------------------------    -------------------
    SLICE_X0Y89          FDCE (Prop_fdce_C_Q)         0.141     1.662 r  u_fsm/FSM_sequential_state_reg[0]/Q
                         net (fo=15, routed)          0.246     1.908    u_seg7/led_camera_OBUF
    SLICE_X0Y89          LUT4 (Prop_lut4_I2_O)        0.045     1.953 r  u_seg7/seg_OBUF[3]_inst_i_1/O
                         net (fo=1, routed)           0.758     2.711    seg_OBUF[3]
    K13                  OBUF (Prop_obuf_I_O)         1.251     3.962 r  seg_OBUF[3]_inst/O
                         net (fo=0)                   0.000     3.962    seg[3]
    K13                                                               r  seg[3] (OUT)
  -------------------------------------------------------------------    -------------------

Slack:                    inf
  Source:                 u_fsm/FSM_sequential_state_reg[0]/C
                            (rising edge-triggered cell FDCE clocked by sys_clk_pin  {rise@0.000ns fall@5.000ns period=10.000ns})
  Destination:            led_door
                            (output port)
  Path Group:             (none)
  Path Type:              Min at Fast Process Corner
  Data Path Delay:        2.446ns  (logic 1.439ns (58.853%)  route 1.006ns (41.147%))
  Logic Levels:           2  (LUT2=1 OBUF=1)
  Clock Uncertainty:      0.025ns  ((TSJ^2 + TIJ^2)^1/2 + DJ) / 2 + PE
    Total System Jitter     (TSJ):    0.050ns
    Total Input Jitter      (TIJ):    0.000ns
    Discrete Jitter          (DJ):    0.000ns
    Phase Error              (PE):    0.000ns

    Location             Delay type                Incr(ns)  Path(ns)    Netlist Resource(s)
  -------------------------------------------------------------------    -------------------
                         (clock sys_clk_pin rise edge)
                                                      0.000     0.000 r  
    E3                                                0.000     0.000 r  clk (IN)
                         net (fo=0)                   0.000     0.000    clk
    E3                   IBUF (Prop_ibuf_I_O)         0.250     0.250 r  clk_IBUF_inst/O
                         net (fo=1, routed)           0.644     0.894    clk_IBUF
    BUFGCTRL_X0Y16       BUFG (Prop_bufg_I_O)         0.026     0.920 r  clk_IBUF_BUFG_inst/O
                         net (fo=47, routed)          0.602     1.521    u_fsm/FSM_sequential_state_reg[0]_0
    SLICE_X0Y89          FDCE                                         r  u_fsm/FSM_sequential_state_reg[0]/C
  -------------------------------------------------------------------    -------------------
    SLICE_X0Y89          FDCE (Prop_fdce_C_Q)         0.141     1.662 f  u_fsm/FSM_sequential_state_reg[0]/Q
                         net (fo=15, routed)          0.398     2.060    u_fsm/led_camera_OBUF
    SLICE_X0Y94          LUT2 (Prop_lut2_I1_O)        0.045     2.105 r  u_fsm/led_door_OBUF_inst_i_1/O
                         net (fo=1, routed)           0.609     2.714    led_door_OBUF
    J13                  OBUF (Prop_obuf_I_O)         1.253     3.967 r  led_door_OBUF_inst/O
                         net (fo=0)                   0.000     3.967    led_door
    J13                                                               r  led_door (OUT)
  -------------------------------------------------------------------    -------------------





--------------------------------------------------------------------------------------
Path Group:  (none)
From Clock:  
  To Clock:  sys_clk_pin

Max Delay            49 Endpoints
Min Delay            49 Endpoints
--------------------------------------------------------------------------------------


Max Delay Paths
--------------------------------------------------------------------------------------
Slack:                    inf
  Source:                 rst
                            (input port)
  Destination:            u_clk_div/clk_1hz_reg/CLR
                            (recovery check against rising-edge clock sys_clk_pin  {rise@0.000ns fall@5.000ns period=10.000ns})
  Path Group:             (none)
  Path Type:              Recovery (Max at Slow Process Corner)
  Data Path Delay:        4.140ns  (logic 1.477ns (35.669%)  route 2.663ns (64.331%))
  Logic Levels:           1  (IBUF=1)
  Clock Path Skew:        5.021ns (DCD - SCD + CPR)
    Destination Clock Delay (DCD):    5.021ns
    Source Clock Delay      (SCD):    0.000ns
    Clock Pessimism Removal (CPR):    0.000ns
  Clock Uncertainty:      0.025ns  ((TSJ^2 + TIJ^2)^1/2 + DJ) / 2 + PE
    Total System Jitter     (TSJ):    0.050ns
    Total Input Jitter      (TIJ):    0.000ns
    Discrete Jitter          (DJ):    0.000ns
    Phase Error              (PE):    0.000ns

    Location             Delay type                Incr(ns)  Path(ns)    Netlist Resource(s)
  -------------------------------------------------------------------    -------------------
    N17                                               0.000     0.000 f  rst (IN)
                         net (fo=0)                   0.000     0.000    rst
    N17                  IBUF (Prop_ibuf_I_O)         1.477     1.477 f  rst_IBUF_inst/O
                         net (fo=49, routed)          2.663     4.140    u_clk_div/AR[0]
    SLICE_X4Y85          FDCE                                         f  u_clk_div/clk_1hz_reg/CLR
  -------------------------------------------------------------------    -------------------

                         (clock sys_clk_pin rise edge)
                                                      0.000     0.000 r  
    E3                                                0.000     0.000 r  clk (IN)
                         net (fo=0)                   0.000     0.000    clk
    E3                   IBUF (Prop_ibuf_I_O)         1.411     1.411 r  clk_IBUF_inst/O
                         net (fo=1, routed)           1.920     3.331    clk_IBUF
    BUFGCTRL_X0Y16       BUFG (Prop_bufg_I_O)         0.091     3.422 r  clk_IBUF_BUFG_inst/O
                         net (fo=47, routed)          1.598     5.021    u_clk_div/clk_1hz_reg_0
    SLICE_X4Y85          FDCE                                         r  u_clk_div/clk_1hz_reg/C

Slack:                    inf
  Source:                 rst
                            (input port)
  Destination:            u_clk_div/cnt_1hz_reg[1]/CLR
                            (recovery check against rising-edge clock sys_clk_pin  {rise@0.000ns fall@5.000ns period=10.000ns})
  Path Group:             (none)
  Path Type:              Recovery (Max at Slow Process Corner)
  Data Path Delay:        4.140ns  (logic 1.477ns (35.669%)  route 2.663ns (64.331%))
  Logic Levels:           1  (IBUF=1)
  Clock Path Skew:        5.021ns (DCD - SCD + CPR)
    Destination Clock Delay (DCD):    5.021ns
    Source Clock Delay      (SCD):    0.000ns
    Clock Pessimism Removal (CPR):    0.000ns
  Clock Uncertainty:      0.025ns  ((TSJ^2 + TIJ^2)^1/2 + DJ) / 2 + PE
    Total System Jitter     (TSJ):    0.050ns
    Total Input Jitter      (TIJ):    0.000ns
    Discrete Jitter          (DJ):    0.000ns
    Phase Error              (PE):    0.000ns

    Location             Delay type                Incr(ns)  Path(ns)    Netlist Resource(s)
  -------------------------------------------------------------------    -------------------
    N17                                               0.000     0.000 f  rst (IN)
                         net (fo=0)                   0.000     0.000    rst
    N17                  IBUF (Prop_ibuf_I_O)         1.477     1.477 f  rst_IBUF_inst/O
                         net (fo=49, routed)          2.663     4.140    u_clk_div/AR[0]
    SLICE_X4Y85          FDCE                                         f  u_clk_div/cnt_1hz_reg[1]/CLR
  -------------------------------------------------------------------    -------------------

                         (clock sys_clk_pin rise edge)
                                                      0.000     0.000 r  
    E3                                                0.000     0.000 r  clk (IN)
                         net (fo=0)                   0.000     0.000    clk
    E3                   IBUF (Prop_ibuf_I_O)         1.411     1.411 r  clk_IBUF_inst/O
                         net (fo=1, routed)           1.920     3.331    clk_IBUF
    BUFGCTRL_X0Y16       BUFG (Prop_bufg_I_O)         0.091     3.422 r  clk_IBUF_BUFG_inst/O
                         net (fo=47, routed)          1.598     5.021    u_clk_div/clk_1hz_reg_0
    SLICE_X4Y85          FDCE                                         r  u_clk_div/cnt_1hz_reg[1]/C

Slack:                    inf
  Source:                 rst
                            (input port)
  Destination:            u_clk_div/cnt_1hz_reg[2]/CLR
                            (recovery check against rising-edge clock sys_clk_pin  {rise@0.000ns fall@5.000ns period=10.000ns})
  Path Group:             (none)
  Path Type:              Recovery (Max at Slow Process Corner)
  Data Path Delay:        4.140ns  (logic 1.477ns (35.669%)  route 2.663ns (64.331%))
  Logic Levels:           1  (IBUF=1)
  Clock Path Skew:        5.021ns (DCD - SCD + CPR)
    Destination Clock Delay (DCD):    5.021ns
    Source Clock Delay      (SCD):    0.000ns
    Clock Pessimism Removal (CPR):    0.000ns
  Clock Uncertainty:      0.025ns  ((TSJ^2 + TIJ^2)^1/2 + DJ) / 2 + PE
    Total System Jitter     (TSJ):    0.050ns
    Total Input Jitter      (TIJ):    0.000ns
    Discrete Jitter          (DJ):    0.000ns
    Phase Error              (PE):    0.000ns

    Location             Delay type                Incr(ns)  Path(ns)    Netlist Resource(s)
  -------------------------------------------------------------------    -------------------
    N17                                               0.000     0.000 f  rst (IN)
                         net (fo=0)                   0.000     0.000    rst
    N17                  IBUF (Prop_ibuf_I_O)         1.477     1.477 f  rst_IBUF_inst/O
                         net (fo=49, routed)          2.663     4.140    u_clk_div/AR[0]
    SLICE_X4Y85          FDCE                                         f  u_clk_div/cnt_1hz_reg[2]/CLR
  -------------------------------------------------------------------    -------------------

                         (clock sys_clk_pin rise edge)
                                                      0.000     0.000 r  
    E3                                                0.000     0.000 r  clk (IN)
                         net (fo=0)                   0.000     0.000    clk
    E3                   IBUF (Prop_ibuf_I_O)         1.411     1.411 r  clk_IBUF_inst/O
                         net (fo=1, routed)           1.920     3.331    clk_IBUF
    BUFGCTRL_X0Y16       BUFG (Prop_bufg_I_O)         0.091     3.422 r  clk_IBUF_BUFG_inst/O
                         net (fo=47, routed)          1.598     5.021    u_clk_div/clk_1hz_reg_0
    SLICE_X4Y85          FDCE                                         r  u_clk_div/cnt_1hz_reg[2]/C

Slack:                    inf
  Source:                 rst
                            (input port)
  Destination:            u_clk_div/cnt_1hz_reg[3]/CLR
                            (recovery check against rising-edge clock sys_clk_pin  {rise@0.000ns fall@5.000ns period=10.000ns})
  Path Group:             (none)
  Path Type:              Recovery (Max at Slow Process Corner)
  Data Path Delay:        4.140ns  (logic 1.477ns (35.669%)  route 2.663ns (64.331%))
  Logic Levels:           1  (IBUF=1)
  Clock Path Skew:        5.021ns (DCD - SCD + CPR)
    Destination Clock Delay (DCD):    5.021ns
    Source Clock Delay      (SCD):    0.000ns
    Clock Pessimism Removal (CPR):    0.000ns
  Clock Uncertainty:      0.025ns  ((TSJ^2 + TIJ^2)^1/2 + DJ) / 2 + PE
    Total System Jitter     (TSJ):    0.050ns
    Total Input Jitter      (TIJ):    0.000ns
    Discrete Jitter          (DJ):    0.000ns
    Phase Error              (PE):    0.000ns

    Location             Delay type                Incr(ns)  Path(ns)    Netlist Resource(s)
  -------------------------------------------------------------------    -------------------
    N17                                               0.000     0.000 f  rst (IN)
                         net (fo=0)                   0.000     0.000    rst
    N17                  IBUF (Prop_ibuf_I_O)         1.477     1.477 f  rst_IBUF_inst/O
                         net (fo=49, routed)          2.663     4.140    u_clk_div/AR[0]
    SLICE_X4Y85          FDCE                                         f  u_clk_div/cnt_1hz_reg[3]/CLR
  -------------------------------------------------------------------    -------------------

                         (clock sys_clk_pin rise edge)
                                                      0.000     0.000 r  
    E3                                                0.000     0.000 r  clk (IN)
                         net (fo=0)                   0.000     0.000    clk
    E3                   IBUF (Prop_ibuf_I_O)         1.411     1.411 r  clk_IBUF_inst/O
                         net (fo=1, routed)           1.920     3.331    clk_IBUF
    BUFGCTRL_X0Y16       BUFG (Prop_bufg_I_O)         0.091     3.422 r  clk_IBUF_BUFG_inst/O
                         net (fo=47, routed)          1.598     5.021    u_clk_div/clk_1hz_reg_0
    SLICE_X4Y85          FDCE                                         r  u_clk_div/cnt_1hz_reg[3]/C

Slack:                    inf
  Source:                 rst
                            (input port)
  Destination:            u_clk_div/cnt_1hz_reg[4]/CLR
                            (recovery check against rising-edge clock sys_clk_pin  {rise@0.000ns fall@5.000ns period=10.000ns})
  Path Group:             (none)
  Path Type:              Recovery (Max at Slow Process Corner)
  Data Path Delay:        4.140ns  (logic 1.477ns (35.669%)  route 2.663ns (64.331%))
  Logic Levels:           1  (IBUF=1)
  Clock Path Skew:        5.021ns (DCD - SCD + CPR)
    Destination Clock Delay (DCD):    5.021ns
    Source Clock Delay      (SCD):    0.000ns
    Clock Pessimism Removal (CPR):    0.000ns
  Clock Uncertainty:      0.025ns  ((TSJ^2 + TIJ^2)^1/2 + DJ) / 2 + PE
    Total System Jitter     (TSJ):    0.050ns
    Total Input Jitter      (TIJ):    0.000ns
    Discrete Jitter          (DJ):    0.000ns
    Phase Error              (PE):    0.000ns

    Location             Delay type                Incr(ns)  Path(ns)    Netlist Resource(s)
  -------------------------------------------------------------------    -------------------
    N17                                               0.000     0.000 f  rst (IN)
                         net (fo=0)                   0.000     0.000    rst
    N17                  IBUF (Prop_ibuf_I_O)         1.477     1.477 f  rst_IBUF_inst/O
                         net (fo=49, routed)          2.663     4.140    u_clk_div/AR[0]
    SLICE_X4Y85          FDCE                                         f  u_clk_div/cnt_1hz_reg[4]/CLR
  -------------------------------------------------------------------    -------------------

                         (clock sys_clk_pin rise edge)
                                                      0.000     0.000 r  
    E3                                                0.000     0.000 r  clk (IN)
                         net (fo=0)                   0.000     0.000    clk
    E3                   IBUF (Prop_ibuf_I_O)         1.411     1.411 r  clk_IBUF_inst/O
                         net (fo=1, routed)           1.920     3.331    clk_IBUF
    BUFGCTRL_X0Y16       BUFG (Prop_bufg_I_O)         0.091     3.422 r  clk_IBUF_BUFG_inst/O
                         net (fo=47, routed)          1.598     5.021    u_clk_div/clk_1hz_reg_0
    SLICE_X4Y85          FDCE                                         r  u_clk_div/cnt_1hz_reg[4]/C

Slack:                    inf
  Source:                 rst
                            (input port)
  Destination:            u_clk_div/cnt_1hz_reg[5]/CLR
                            (recovery check against rising-edge clock sys_clk_pin  {rise@0.000ns fall@5.000ns period=10.000ns})
  Path Group:             (none)
  Path Type:              Recovery (Max at Slow Process Corner)
  Data Path Delay:        4.140ns  (logic 1.477ns (35.669%)  route 2.663ns (64.331%))
  Logic Levels:           1  (IBUF=1)
  Clock Path Skew:        5.021ns (DCD - SCD + CPR)
    Destination Clock Delay (DCD):    5.021ns
    Source Clock Delay      (SCD):    0.000ns
    Clock Pessimism Removal (CPR):    0.000ns
  Clock Uncertainty:      0.025ns  ((TSJ^2 + TIJ^2)^1/2 + DJ) / 2 + PE
    Total System Jitter     (TSJ):    0.050ns
    Total Input Jitter      (TIJ):    0.000ns
    Discrete Jitter          (DJ):    0.000ns
    Phase Error              (PE):    0.000ns

    Location             Delay type                Incr(ns)  Path(ns)    Netlist Resource(s)
  -------------------------------------------------------------------    -------------------
    N17                                               0.000     0.000 f  rst (IN)
                         net (fo=0)                   0.000     0.000    rst
    N17                  IBUF (Prop_ibuf_I_O)         1.477     1.477 f  rst_IBUF_inst/O
                         net (fo=49, routed)          2.663     4.140    u_clk_div/AR[0]
    SLICE_X4Y85          FDCE                                         f  u_clk_div/cnt_1hz_reg[5]/CLR
  -------------------------------------------------------------------    -------------------

                         (clock sys_clk_pin rise edge)
                                                      0.000     0.000 r  
    E3                                                0.000     0.000 r  clk (IN)
                         net (fo=0)                   0.000     0.000    clk
    E3                   IBUF (Prop_ibuf_I_O)         1.411     1.411 r  clk_IBUF_inst/O
                         net (fo=1, routed)           1.920     3.331    clk_IBUF
    BUFGCTRL_X0Y16       BUFG (Prop_bufg_I_O)         0.091     3.422 r  clk_IBUF_BUFG_inst/O
                         net (fo=47, routed)          1.598     5.021    u_clk_div/clk_1hz_reg_0
    SLICE_X4Y85          FDCE                                         r  u_clk_div/cnt_1hz_reg[5]/C

Slack:                    inf
  Source:                 rst
                            (input port)
  Destination:            u_clk_div/cnt_1hz_reg[0]/CLR
                            (recovery check against rising-edge clock sys_clk_pin  {rise@0.000ns fall@5.000ns period=10.000ns})
  Path Group:             (none)
  Path Type:              Recovery (Max at Slow Process Corner)
  Data Path Delay:        3.999ns  (logic 1.477ns (36.926%)  route 2.522ns (63.074%))
  Logic Levels:           1  (IBUF=1)
  Clock Path Skew:        5.021ns (DCD - SCD + CPR)
    Destination Clock Delay (DCD):    5.021ns
    Source Clock Delay      (SCD):    0.000ns
    Clock Pessimism Removal (CPR):    0.000ns
  Clock Uncertainty:      0.025ns  ((TSJ^2 + TIJ^2)^1/2 + DJ) / 2 + PE
    Total System Jitter     (TSJ):    0.050ns
    Total Input Jitter      (TIJ):    0.000ns
    Discrete Jitter          (DJ):    0.000ns
    Phase Error              (PE):    0.000ns

    Location             Delay type                Incr(ns)  Path(ns)    Netlist Resource(s)
  -------------------------------------------------------------------    -------------------
    N17                                               0.000     0.000 f  rst (IN)
                         net (fo=0)                   0.000     0.000    rst
    N17                  IBUF (Prop_ibuf_I_O)         1.477     1.477 f  rst_IBUF_inst/O
                         net (fo=49, routed)          2.522     3.999    u_clk_div/AR[0]
    SLICE_X4Y86          FDCE                                         f  u_clk_div/cnt_1hz_reg[0]/CLR
  -------------------------------------------------------------------    -------------------

                         (clock sys_clk_pin rise edge)
                                                      0.000     0.000 r  
    E3                                                0.000     0.000 r  clk (IN)
                         net (fo=0)                   0.000     0.000    clk
    E3                   IBUF (Prop_ibuf_I_O)         1.411     1.411 r  clk_IBUF_inst/O
                         net (fo=1, routed)           1.920     3.331    clk_IBUF
    BUFGCTRL_X0Y16       BUFG (Prop_bufg_I_O)         0.091     3.422 r  clk_IBUF_BUFG_inst/O
                         net (fo=47, routed)          1.598     5.021    u_clk_div/clk_1hz_reg_0
    SLICE_X4Y86          FDCE                                         r  u_clk_div/cnt_1hz_reg[0]/C

Slack:                    inf
  Source:                 rst
                            (input port)
  Destination:            u_clk_div/cnt_1hz_reg[6]/CLR
                            (recovery check against rising-edge clock sys_clk_pin  {rise@0.000ns fall@5.000ns period=10.000ns})
  Path Group:             (none)
  Path Type:              Recovery (Max at Slow Process Corner)
  Data Path Delay:        3.999ns  (logic 1.477ns (36.926%)  route 2.522ns (63.074%))
  Logic Levels:           1  (IBUF=1)
  Clock Path Skew:        5.021ns (DCD - SCD + CPR)
    Destination Clock Delay (DCD):    5.021ns
    Source Clock Delay      (SCD):    0.000ns
    Clock Pessimism Removal (CPR):    0.000ns
  Clock Uncertainty:      0.025ns  ((TSJ^2 + TIJ^2)^1/2 + DJ) / 2 + PE
    Total System Jitter     (TSJ):    0.050ns
    Total Input Jitter      (TIJ):    0.000ns
    Discrete Jitter          (DJ):    0.000ns
    Phase Error              (PE):    0.000ns

    Location             Delay type                Incr(ns)  Path(ns)    Netlist Resource(s)
  -------------------------------------------------------------------    -------------------
    N17                                               0.000     0.000 f  rst (IN)
                         net (fo=0)                   0.000     0.000    rst
    N17                  IBUF (Prop_ibuf_I_O)         1.477     1.477 f  rst_IBUF_inst/O
                         net (fo=49, routed)          2.522     3.999    u_clk_div/AR[0]
    SLICE_X4Y86          FDCE                                         f  u_clk_div/cnt_1hz_reg[6]/CLR
  -------------------------------------------------------------------    -------------------

                         (clock sys_clk_pin rise edge)
                                                      0.000     0.000 r  
    E3                                                0.000     0.000 r  clk (IN)
                         net (fo=0)                   0.000     0.000    clk
    E3                   IBUF (Prop_ibuf_I_O)         1.411     1.411 r  clk_IBUF_inst/O
                         net (fo=1, routed)           1.920     3.331    clk_IBUF
    BUFGCTRL_X0Y16       BUFG (Prop_bufg_I_O)         0.091     3.422 r  clk_IBUF_BUFG_inst/O
                         net (fo=47, routed)          1.598     5.021    u_clk_div/clk_1hz_reg_0
    SLICE_X4Y86          FDCE                                         r  u_clk_div/cnt_1hz_reg[6]/C

Slack:                    inf
  Source:                 rst
                            (input port)
  Destination:            u_clk_div/cnt_1hz_reg[7]/CLR
                            (recovery check against rising-edge clock sys_clk_pin  {rise@0.000ns fall@5.000ns period=10.000ns})
  Path Group:             (none)
  Path Type:              Recovery (Max at Slow Process Corner)
  Data Path Delay:        3.999ns  (logic 1.477ns (36.926%)  route 2.522ns (63.074%))
  Logic Levels:           1  (IBUF=1)
  Clock Path Skew:        5.021ns (DCD - SCD + CPR)
    Destination Clock Delay (DCD):    5.021ns
    Source Clock Delay      (SCD):    0.000ns
    Clock Pessimism Removal (CPR):    0.000ns
  Clock Uncertainty:      0.025ns  ((TSJ^2 + TIJ^2)^1/2 + DJ) / 2 + PE
    Total System Jitter     (TSJ):    0.050ns
    Total Input Jitter      (TIJ):    0.000ns
    Discrete Jitter          (DJ):    0.000ns
    Phase Error              (PE):    0.000ns

    Location             Delay type                Incr(ns)  Path(ns)    Netlist Resource(s)
  -------------------------------------------------------------------    -------------------
    N17                                               0.000     0.000 f  rst (IN)
                         net (fo=0)                   0.000     0.000    rst
    N17                  IBUF (Prop_ibuf_I_O)         1.477     1.477 f  rst_IBUF_inst/O
                         net (fo=49, routed)          2.522     3.999    u_clk_div/AR[0]
    SLICE_X4Y86          FDCE                                         f  u_clk_div/cnt_1hz_reg[7]/CLR
  -------------------------------------------------------------------    -------------------

                         (clock sys_clk_pin rise edge)
                                                      0.000     0.000 r  
    E3                                                0.000     0.000 r  clk (IN)
                         net (fo=0)                   0.000     0.000    clk
    E3                   IBUF (Prop_ibuf_I_O)         1.411     1.411 r  clk_IBUF_inst/O
                         net (fo=1, routed)           1.920     3.331    clk_IBUF
    BUFGCTRL_X0Y16       BUFG (Prop_bufg_I_O)         0.091     3.422 r  clk_IBUF_BUFG_inst/O
                         net (fo=47, routed)          1.598     5.021    u_clk_div/clk_1hz_reg_0
    SLICE_X4Y86          FDCE                                         r  u_clk_div/cnt_1hz_reg[7]/C

Slack:                    inf
  Source:                 rst
                            (input port)
  Destination:            u_clk_div/cnt_1hz_reg[8]/CLR
                            (recovery check against rising-edge clock sys_clk_pin  {rise@0.000ns fall@5.000ns period=10.000ns})
  Path Group:             (none)
  Path Type:              Recovery (Max at Slow Process Corner)
  Data Path Delay:        3.999ns  (logic 1.477ns (36.926%)  route 2.522ns (63.074%))
  Logic Levels:           1  (IBUF=1)
  Clock Path Skew:        5.021ns (DCD - SCD + CPR)
    Destination Clock Delay (DCD):    5.021ns
    Source Clock Delay      (SCD):    0.000ns
    Clock Pessimism Removal (CPR):    0.000ns
  Clock Uncertainty:      0.025ns  ((TSJ^2 + TIJ^2)^1/2 + DJ) / 2 + PE
    Total System Jitter     (TSJ):    0.050ns
    Total Input Jitter      (TIJ):    0.000ns
    Discrete Jitter          (DJ):    0.000ns
    Phase Error              (PE):    0.000ns

    Location             Delay type                Incr(ns)  Path(ns)    Netlist Resource(s)
  -------------------------------------------------------------------    -------------------
    N17                                               0.000     0.000 f  rst (IN)
                         net (fo=0)                   0.000     0.000    rst
    N17                  IBUF (Prop_ibuf_I_O)         1.477     1.477 f  rst_IBUF_inst/O
                         net (fo=49, routed)          2.522     3.999    u_clk_div/AR[0]
    SLICE_X4Y86          FDCE                                         f  u_clk_div/cnt_1hz_reg[8]/CLR
  -------------------------------------------------------------------    -------------------

                         (clock sys_clk_pin rise edge)
                                                      0.000     0.000 r  
    E3                                                0.000     0.000 r  clk (IN)
                         net (fo=0)                   0.000     0.000    clk
    E3                   IBUF (Prop_ibuf_I_O)         1.411     1.411 r  clk_IBUF_inst/O
                         net (fo=1, routed)           1.920     3.331    clk_IBUF
    BUFGCTRL_X0Y16       BUFG (Prop_bufg_I_O)         0.091     3.422 r  clk_IBUF_BUFG_inst/O
                         net (fo=47, routed)          1.598     5.021    u_clk_div/clk_1hz_reg_0
    SLICE_X4Y86          FDCE                                         r  u_clk_div/cnt_1hz_reg[8]/C





Min Delay Paths
--------------------------------------------------------------------------------------
Slack:                    inf
  Source:                 door
                            (input port)
  Destination:            u_fsm/FSM_sequential_state_reg[1]/D
                            (rising edge-triggered cell FDCE clocked by sys_clk_pin  {rise@0.000ns fall@5.000ns period=10.000ns})
  Path Group:             (none)
  Path Type:              Hold (Min at Fast Process Corner)
  Data Path Delay:        0.682ns  (logic 0.298ns (43.683%)  route 0.384ns (56.317%))
  Logic Levels:           2  (IBUF=1 LUT6=1)
  Clock Path Skew:        2.040ns (DCD - SCD - CPR)
    Destination Clock Delay (DCD):    2.040ns
    Source Clock Delay      (SCD):    0.000ns
    Clock Pessimism Removal (CPR):    -0.000ns

    Location             Delay type                Incr(ns)  Path(ns)    Netlist Resource(s)
  -------------------------------------------------------------------    -------------------
    M13                                               0.000     0.000 r  door (IN)
                         net (fo=0)                   0.000     0.000    door
    M13                  IBUF (Prop_ibuf_I_O)         0.253     0.253 r  door_IBUF_inst/O
                         net (fo=2, routed)           0.384     0.637    u_fsm/door_IBUF
    SLICE_X0Y89          LUT6 (Prop_lut6_I3_O)        0.045     0.682 r  u_fsm/FSM_sequential_state[1]_i_1/O
                         net (fo=1, routed)           0.000     0.682    u_fsm/FSM_sequential_state[1]_i_1_n_0
    SLICE_X0Y89          FDCE                                         r  u_fsm/FSM_sequential_state_reg[1]/D
  -------------------------------------------------------------------    -------------------

                         (clock sys_clk_pin rise edge)
                                                      0.000     0.000 r  
    E3                                                0.000     0.000 r  clk (IN)
                         net (fo=0)                   0.000     0.000    clk
    E3                   IBUF (Prop_ibuf_I_O)         0.438     0.438 r  clk_IBUF_inst/O
                         net (fo=1, routed)           0.699     1.136    clk_IBUF
    BUFGCTRL_X0Y16       BUFG (Prop_bufg_I_O)         0.029     1.165 r  clk_IBUF_BUFG_inst/O
                         net (fo=47, routed)          0.875     2.040    u_fsm/FSM_sequential_state_reg[0]_0
    SLICE_X0Y89          FDCE                                         r  u_fsm/FSM_sequential_state_reg[1]/C

Slack:                    inf
  Source:                 door
                            (input port)
  Destination:            u_fsm/FSM_sequential_state_reg[0]/D
                            (rising edge-triggered cell FDCE clocked by sys_clk_pin  {rise@0.000ns fall@5.000ns period=10.000ns})
  Path Group:             (none)
  Path Type:              Hold (Min at Fast Process Corner)
  Data Path Delay:        0.683ns  (logic 0.298ns (43.620%)  route 0.385ns (56.380%))
  Logic Levels:           2  (IBUF=1 LUT6=1)
  Clock Path Skew:        2.040ns (DCD - SCD - CPR)
    Destination Clock Delay (DCD):    2.040ns
    Source Clock Delay      (SCD):    0.000ns
    Clock Pessimism Removal (CPR):    -0.000ns

    Location             Delay type                Incr(ns)  Path(ns)    Netlist Resource(s)
  -------------------------------------------------------------------    -------------------
    M13                                               0.000     0.000 r  door (IN)
                         net (fo=0)                   0.000     0.000    door
    M13                  IBUF (Prop_ibuf_I_O)         0.253     0.253 r  door_IBUF_inst/O
                         net (fo=2, routed)           0.385     0.638    u_fsm/door_IBUF
    SLICE_X0Y89          LUT6 (Prop_lut6_I3_O)        0.045     0.683 r  u_fsm/FSM_sequential_state[0]_i_1/O
                         net (fo=1, routed)           0.000     0.683    u_fsm/FSM_sequential_state[0]_i_1_n_0
    SLICE_X0Y89          FDCE                                         r  u_fsm/FSM_sequential_state_reg[0]/D
  -------------------------------------------------------------------    -------------------

                         (clock sys_clk_pin rise edge)
                                                      0.000     0.000 r  
    E3                                                0.000     0.000 r  clk (IN)
                         net (fo=0)                   0.000     0.000    clk
    E3                   IBUF (Prop_ibuf_I_O)         0.438     0.438 r  clk_IBUF_inst/O
                         net (fo=1, routed)           0.699     1.136    clk_IBUF
    BUFGCTRL_X0Y16       BUFG (Prop_bufg_I_O)         0.029     1.165 r  clk_IBUF_BUFG_inst/O
                         net (fo=47, routed)          0.875     2.040    u_fsm/FSM_sequential_state_reg[0]_0
    SLICE_X0Y89          FDCE                                         r  u_fsm/FSM_sequential_state_reg[0]/C

Slack:                    inf
  Source:                 rst
                            (input port)
  Destination:            u_clk_div/cnt_1khz_reg[3]/CLR
                            (removal check against rising-edge clock sys_clk_pin  {rise@0.000ns fall@5.000ns period=10.000ns})
  Path Group:             (none)
  Path Type:              Removal (Min at Fast Process Corner)
  Data Path Delay:        0.705ns  (logic 0.244ns (34.668%)  route 0.461ns (65.332%))
  Logic Levels:           1  (IBUF=1)
  Clock Path Skew:        2.037ns (DCD - SCD - CPR)
    Destination Clock Delay (DCD):    2.037ns
    Source Clock Delay      (SCD):    0.000ns
    Clock Pessimism Removal (CPR):    -0.000ns

    Location             Delay type                Incr(ns)  Path(ns)    Netlist Resource(s)
  -------------------------------------------------------------------    -------------------
    N17                                               0.000     0.000 f  rst (IN)
                         net (fo=0)                   0.000     0.000    rst
    N17                  IBUF (Prop_ibuf_I_O)         0.244     0.244 f  rst_IBUF_inst/O
                         net (fo=49, routed)          0.461     0.705    u_clk_div/AR[0]
    SLICE_X0Y85          FDCE                                         f  u_clk_div/cnt_1khz_reg[3]/CLR
  -------------------------------------------------------------------    -------------------

                         (clock sys_clk_pin rise edge)
                                                      0.000     0.000 r  
    E3                                                0.000     0.000 r  clk (IN)
                         net (fo=0)                   0.000     0.000    clk
    E3                   IBUF (Prop_ibuf_I_O)         0.438     0.438 r  clk_IBUF_inst/O
                         net (fo=1, routed)           0.699     1.136    clk_IBUF
    BUFGCTRL_X0Y16       BUFG (Prop_bufg_I_O)         0.029     1.165 r  clk_IBUF_BUFG_inst/O
                         net (fo=47, routed)          0.872     2.037    u_clk_div/clk_1hz_reg_0
    SLICE_X0Y85          FDCE                                         r  u_clk_div/cnt_1khz_reg[3]/C

Slack:                    inf
  Source:                 rst
                            (input port)
  Destination:            u_clk_div/cnt_1khz_reg[5]/CLR
                            (removal check against rising-edge clock sys_clk_pin  {rise@0.000ns fall@5.000ns period=10.000ns})
  Path Group:             (none)
  Path Type:              Removal (Min at Fast Process Corner)
  Data Path Delay:        0.775ns  (logic 0.244ns (31.545%)  route 0.530ns (68.455%))
  Logic Levels:           1  (IBUF=1)
  Clock Path Skew:        2.037ns (DCD - SCD - CPR)
    Destination Clock Delay (DCD):    2.037ns
    Source Clock Delay      (SCD):    0.000ns
    Clock Pessimism Removal (CPR):    -0.000ns

    Location             Delay type                Incr(ns)  Path(ns)    Netlist Resource(s)
  -------------------------------------------------------------------    -------------------
    N17                                               0.000     0.000 f  rst (IN)
                         net (fo=0)                   0.000     0.000    rst
    N17                  IBUF (Prop_ibuf_I_O)         0.244     0.244 f  rst_IBUF_inst/O
                         net (fo=49, routed)          0.530     0.775    u_clk_div/AR[0]
    SLICE_X0Y86          FDCE                                         f  u_clk_div/cnt_1khz_reg[5]/CLR
  -------------------------------------------------------------------    -------------------

                         (clock sys_clk_pin rise edge)
                                                      0.000     0.000 r  
    E3                                                0.000     0.000 r  clk (IN)
                         net (fo=0)                   0.000     0.000    clk
    E3                   IBUF (Prop_ibuf_I_O)         0.438     0.438 r  clk_IBUF_inst/O
                         net (fo=1, routed)           0.699     1.136    clk_IBUF
    BUFGCTRL_X0Y16       BUFG (Prop_bufg_I_O)         0.029     1.165 r  clk_IBUF_BUFG_inst/O
                         net (fo=47, routed)          0.872     2.037    u_clk_div/clk_1hz_reg_0
    SLICE_X0Y86          FDCE                                         r  u_clk_div/cnt_1khz_reg[5]/C

Slack:                    inf
  Source:                 rst
                            (input port)
  Destination:            u_clk_div/cnt_1khz_reg[6]/CLR
                            (removal check against rising-edge clock sys_clk_pin  {rise@0.000ns fall@5.000ns period=10.000ns})
  Path Group:             (none)
  Path Type:              Removal (Min at Fast Process Corner)
  Data Path Delay:        0.775ns  (logic 0.244ns (31.545%)  route 0.530ns (68.455%))
  Logic Levels:           1  (IBUF=1)
  Clock Path Skew:        2.037ns (DCD - SCD - CPR)
    Destination Clock Delay (DCD):    2.037ns
    Source Clock Delay      (SCD):    0.000ns
    Clock Pessimism Removal (CPR):    -0.000ns

    Location             Delay type                Incr(ns)  Path(ns)    Netlist Resource(s)
  -------------------------------------------------------------------    -------------------
    N17                                               0.000     0.000 f  rst (IN)
                         net (fo=0)                   0.000     0.000    rst
    N17                  IBUF (Prop_ibuf_I_O)         0.244     0.244 f  rst_IBUF_inst/O
                         net (fo=49, routed)          0.530     0.775    u_clk_div/AR[0]
    SLICE_X0Y86          FDCE                                         f  u_clk_div/cnt_1khz_reg[6]/CLR
  -------------------------------------------------------------------    -------------------

                         (clock sys_clk_pin rise edge)
                                                      0.000     0.000 r  
    E3                                                0.000     0.000 r  clk (IN)
                         net (fo=0)                   0.000     0.000    clk
    E3                   IBUF (Prop_ibuf_I_O)         0.438     0.438 r  clk_IBUF_inst/O
                         net (fo=1, routed)           0.699     1.136    clk_IBUF
    BUFGCTRL_X0Y16       BUFG (Prop_bufg_I_O)         0.029     1.165 r  clk_IBUF_BUFG_inst/O
                         net (fo=47, routed)          0.872     2.037    u_clk_div/clk_1hz_reg_0
    SLICE_X0Y86          FDCE                                         r  u_clk_div/cnt_1khz_reg[6]/C

Slack:                    inf
  Source:                 rst
                            (input port)
  Destination:            u_clk_div/cnt_1khz_reg[7]/CLR
                            (removal check against rising-edge clock sys_clk_pin  {rise@0.000ns fall@5.000ns period=10.000ns})
  Path Group:             (none)
  Path Type:              Removal (Min at Fast Process Corner)
  Data Path Delay:        0.775ns  (logic 0.244ns (31.545%)  route 0.530ns (68.455%))
  Logic Levels:           1  (IBUF=1)
  Clock Path Skew:        2.037ns (DCD - SCD - CPR)
    Destination Clock Delay (DCD):    2.037ns
    Source Clock Delay      (SCD):    0.000ns
    Clock Pessimism Removal (CPR):    -0.000ns

    Location             Delay type                Incr(ns)  Path(ns)    Netlist Resource(s)
  -------------------------------------------------------------------    -------------------
    N17                                               0.000     0.000 f  rst (IN)
                         net (fo=0)                   0.000     0.000    rst
    N17                  IBUF (Prop_ibuf_I_O)         0.244     0.244 f  rst_IBUF_inst/O
                         net (fo=49, routed)          0.530     0.775    u_clk_div/AR[0]
    SLICE_X0Y86          FDCE                                         f  u_clk_div/cnt_1khz_reg[7]/CLR
  -------------------------------------------------------------------    -------------------

                         (clock sys_clk_pin rise edge)
                                                      0.000     0.000 r  
    E3                                                0.000     0.000 r  clk (IN)
                         net (fo=0)                   0.000     0.000    clk
    E3                   IBUF (Prop_ibuf_I_O)         0.438     0.438 r  clk_IBUF_inst/O
                         net (fo=1, routed)           0.699     1.136    clk_IBUF
    BUFGCTRL_X0Y16       BUFG (Prop_bufg_I_O)         0.029     1.165 r  clk_IBUF_BUFG_inst/O
                         net (fo=47, routed)          0.872     2.037    u_clk_div/clk_1hz_reg_0
    SLICE_X0Y86          FDCE                                         r  u_clk_div/cnt_1khz_reg[7]/C

Slack:                    inf
  Source:                 rst
                            (input port)
  Destination:            u_clk_div/cnt_1khz_reg[12]/CLR
                            (removal check against rising-edge clock sys_clk_pin  {rise@0.000ns fall@5.000ns period=10.000ns})
  Path Group:             (none)
  Path Type:              Removal (Min at Fast Process Corner)
  Data Path Delay:        0.820ns  (logic 0.244ns (29.798%)  route 0.576ns (70.202%))
  Logic Levels:           1  (IBUF=1)
  Clock Path Skew:        2.038ns (DCD - SCD - CPR)
    Destination Clock Delay (DCD):    2.038ns
    Source Clock Delay      (SCD):    0.000ns
    Clock Pessimism Removal (CPR):    -0.000ns

    Location             Delay type                Incr(ns)  Path(ns)    Netlist Resource(s)
  -------------------------------------------------------------------    -------------------
    N17                                               0.000     0.000 f  rst (IN)
                         net (fo=0)                   0.000     0.000    rst
    N17                  IBUF (Prop_ibuf_I_O)         0.244     0.244 f  rst_IBUF_inst/O
                         net (fo=49, routed)          0.576     0.820    u_clk_div/AR[0]
    SLICE_X2Y87          FDCE                                         f  u_clk_div/cnt_1khz_reg[12]/CLR
  -------------------------------------------------------------------    -------------------

                         (clock sys_clk_pin rise edge)
                                                      0.000     0.000 r  
    E3                                                0.000     0.000 r  clk (IN)
                         net (fo=0)                   0.000     0.000    clk
    E3                   IBUF (Prop_ibuf_I_O)         0.438     0.438 r  clk_IBUF_inst/O
                         net (fo=1, routed)           0.699     1.136    clk_IBUF
    BUFGCTRL_X0Y16       BUFG (Prop_bufg_I_O)         0.029     1.165 r  clk_IBUF_BUFG_inst/O
                         net (fo=47, routed)          0.873     2.038    u_clk_div/clk_1hz_reg_0
    SLICE_X2Y87          FDCE                                         r  u_clk_div/cnt_1khz_reg[12]/C

Slack:                    inf
  Source:                 rst
                            (input port)
  Destination:            u_clk_div/cnt_1khz_reg[10]/CLR
                            (removal check against rising-edge clock sys_clk_pin  {rise@0.000ns fall@5.000ns period=10.000ns})
  Path Group:             (none)
  Path Type:              Removal (Min at Fast Process Corner)
  Data Path Delay:        0.964ns  (logic 0.244ns (25.371%)  route 0.719ns (74.629%))
  Logic Levels:           1  (IBUF=1)
  Clock Path Skew:        2.038ns (DCD - SCD - CPR)
    Destination Clock Delay (DCD):    2.038ns
    Source Clock Delay      (SCD):    0.000ns
    Clock Pessimism Removal (CPR):    -0.000ns

    Location             Delay type                Incr(ns)  Path(ns)    Netlist Resource(s)
  -------------------------------------------------------------------    -------------------
    N17                                               0.000     0.000 f  rst (IN)
                         net (fo=0)                   0.000     0.000    rst
    N17                  IBUF (Prop_ibuf_I_O)         0.244     0.244 f  rst_IBUF_inst/O
                         net (fo=49, routed)          0.719     0.964    u_clk_div/AR[0]
    SLICE_X0Y87          FDCE                                         f  u_clk_div/cnt_1khz_reg[10]/CLR
  -------------------------------------------------------------------    -------------------

                         (clock sys_clk_pin rise edge)
                                                      0.000     0.000 r  
    E3                                                0.000     0.000 r  clk (IN)
                         net (fo=0)                   0.000     0.000    clk
    E3                   IBUF (Prop_ibuf_I_O)         0.438     0.438 r  clk_IBUF_inst/O
                         net (fo=1, routed)           0.699     1.136    clk_IBUF
    BUFGCTRL_X0Y16       BUFG (Prop_bufg_I_O)         0.029     1.165 r  clk_IBUF_BUFG_inst/O
                         net (fo=47, routed)          0.873     2.038    u_clk_div/clk_1hz_reg_0
    SLICE_X0Y87          FDCE                                         r  u_clk_div/cnt_1khz_reg[10]/C

Slack:                    inf
  Source:                 rst
                            (input port)
  Destination:            u_clk_div/cnt_1khz_reg[11]/CLR
                            (removal check against rising-edge clock sys_clk_pin  {rise@0.000ns fall@5.000ns period=10.000ns})
  Path Group:             (none)
  Path Type:              Removal (Min at Fast Process Corner)
  Data Path Delay:        0.964ns  (logic 0.244ns (25.371%)  route 0.719ns (74.629%))
  Logic Levels:           1  (IBUF=1)
  Clock Path Skew:        2.038ns (DCD - SCD - CPR)
    Destination Clock Delay (DCD):    2.038ns
    Source Clock Delay      (SCD):    0.000ns
    Clock Pessimism Removal (CPR):    -0.000ns

    Location             Delay type                Incr(ns)  Path(ns)    Netlist Resource(s)
  -------------------------------------------------------------------    -------------------
    N17                                               0.000     0.000 f  rst (IN)
                         net (fo=0)                   0.000     0.000    rst
    N17                  IBUF (Prop_ibuf_I_O)         0.244     0.244 f  rst_IBUF_inst/O
                         net (fo=49, routed)          0.719     0.964    u_clk_div/AR[0]
    SLICE_X0Y87          FDCE                                         f  u_clk_div/cnt_1khz_reg[11]/CLR
  -------------------------------------------------------------------    -------------------

                         (clock sys_clk_pin rise edge)
                                                      0.000     0.000 r  
    E3                                                0.000     0.000 r  clk (IN)
                         net (fo=0)                   0.000     0.000    clk
    E3                   IBUF (Prop_ibuf_I_O)         0.438     0.438 r  clk_IBUF_inst/O
                         net (fo=1, routed)           0.699     1.136    clk_IBUF
    BUFGCTRL_X0Y16       BUFG (Prop_bufg_I_O)         0.029     1.165 r  clk_IBUF_BUFG_inst/O
                         net (fo=47, routed)          0.873     2.038    u_clk_div/clk_1hz_reg_0
    SLICE_X0Y87          FDCE                                         r  u_clk_div/cnt_1khz_reg[11]/C

Slack:                    inf
  Source:                 rst
                            (input port)
  Destination:            u_clk_div/cnt_1khz_reg[9]/CLR
                            (removal check against rising-edge clock sys_clk_pin  {rise@0.000ns fall@5.000ns period=10.000ns})
  Path Group:             (none)
  Path Type:              Removal (Min at Fast Process Corner)
  Data Path Delay:        0.964ns  (logic 0.244ns (25.371%)  route 0.719ns (74.629%))
  Logic Levels:           1  (IBUF=1)
  Clock Path Skew:        2.038ns (DCD - SCD - CPR)
    Destination Clock Delay (DCD):    2.038ns
    Source Clock Delay      (SCD):    0.000ns
    Clock Pessimism Removal (CPR):    -0.000ns

    Location             Delay type                Incr(ns)  Path(ns)    Netlist Resource(s)
  -------------------------------------------------------------------    -------------------
    N17                                               0.000     0.000 f  rst (IN)
                         net (fo=0)                   0.000     0.000    rst
    N17                  IBUF (Prop_ibuf_I_O)         0.244     0.244 f  rst_IBUF_inst/O
                         net (fo=49, routed)          0.719     0.964    u_clk_div/AR[0]
    SLICE_X0Y87          FDCE                                         f  u_clk_div/cnt_1khz_reg[9]/CLR
  -------------------------------------------------------------------    -------------------

                         (clock sys_clk_pin rise edge)
                                                      0.000     0.000 r  
    E3                                                0.000     0.000 r  clk (IN)
                         net (fo=0)                   0.000     0.000    clk
    E3                   IBUF (Prop_ibuf_I_O)         0.438     0.438 r  clk_IBUF_inst/O
                         net (fo=1, routed)           0.699     1.136    clk_IBUF
    BUFGCTRL_X0Y16       BUFG (Prop_bufg_I_O)         0.029     1.165 r  clk_IBUF_BUFG_inst/O
                         net (fo=47, routed)          0.873     2.038    u_clk_div/clk_1hz_reg_0
    SLICE_X0Y87          FDCE                                         r  u_clk_div/cnt_1khz_reg[9]/C





